Category,Family Name,Crop,Crop Type,Variety,Planting Method,Harvest Stage,GH Sow Date,Days to 1st potting up,1st Potting up date,Days to 2nd Potting up,2nd Potting up date,Days to 3rd Potting up,3rd Potting up date,Days In Greenhouse,Field Sowing Planting Date,DTM,Harvest Window,First Harvest,Last Harvest,Planting Amount,Location,In-Row Spacing,In-Row Spacing Unit,Rows Per Bed,# Of Flats,Flat/pot type,Seeds per cell,Estimated loss,Total Transplants,Total Seed Needed,Average seed weight,Average seed weight unit,Total Weight Needed,Total Weight Needed Unit,Extra Seed %,Seed spec,1st Potting up flat/pot type,1st Potting up plants per cell/pot,1st Potting up # of flats/pots,2nd Potting up flat/pot type,2nd Potting up plants per cell/pot,2nd Potting up # of flats/pots,3rd Potting up flat/pot type,3rd Potting up plants per cell/pot,3rd Potting up # of flats/pots,Harvest Unit,Avg Yield Rate,Avg. Sales Price,Est. Yield,Est. Revenue,Est. Rev./unit,Growing Cycle,Rootstock,Harvest Season,First Fruiting Year,Between row spacing,Notes,Seeder,Front gear,Rear gear,Roller plate
Flowers,Amaranthaceae,Amaranthus,Amaranthus,Green Tails | AMA-GRETL,Greenhouse Sow,,03/28/2020,,,,,,,,05/23/2020,34,30,06/26/2020,07/26/2020,128 plants,"The Back Field,MCB,Block GRN,Beds 9",9.0,in,5,0.58,72 cell flats,2,5,42,84,48000,seeds/oz,0.00,oz,0.00,,,,,,,,,,,Stems,3.000 st/pl,$15.00/bn,384.0 Stems,$576.00,$6.00/plant,Annual,,,,,foliage%br%foliage,,,,
Flowers,Amaranthaceae,Amaranthus,Amaranthus,Hot Biscuits | AMA-HOTBC,Direct Sow,,,,,,,,,,07/08/2020,75,17,09/21/2020,10/08/2020,10 bed ft.,"White House,Situation,Block GRN,Beds 2",12.0,in,4,0.58,,,,,40,48000,seeds/oz,0.00,oz,0.00,,,,,,,,,,,Stems,3.000 st/pl,$15.00/bn,120.0 Stems,$180.00,$4.50/plant,Annual,,,,,foliage,,,,
Flowers,Apiaceae,Ammi (False Queen Anne's Lace),Ammi (False Queen Anne's Lace),Chocolate Lace | AMM-CHOCL,Greenhouse Sow,,03/09/2020,,,,,,,,05/07/2020,68,42,07/14/2020,08/25/2020,10 bed ft.,"The Back Field,MCB,Block GRN,Beds 8",12.0,in,4,0.58,72 cell flats,2,5,42,84,38833,seeds/oz,0.00,oz,0.00,,,,,,,,,,,Stems,2.000 st/pl,$8.00/bn,80.0 Stems,$64.00,$1.60/plant,Annual,,,,,,,,,
Flowers,Apiaceae,Ammi (False Queen Anne's Lace),Ammi (False Queen Anne's Lace),Green Mist | AMM-GRENM,Greenhouse Sow,,03/09/2020,,,,,,,,05/13/2020,68,42,07/20/2020,08/31/2020,80 plants,"The Back Field,MCB,Block GRN,Beds 8",9.0,in,5,0.58,72 cell flats,2,5,84,84,38833,seeds/oz,0.00,oz,0.00,,,,,,,,,,,Stems,2.000 st/pl,$8.00/bn,160.0 Stems,$128.00,$2.13/plant,Annual,,,,,filler%br%filler,,,,
Flowers,Apiaceae,Ammi (False Queen Anne's Lace),Ammi (False Queen Anne's Lace),Green Mist | AMM-GRENM,Greenhouse Sow,,03/28/2020,,,,,,,,05/24/2020,68,42,07/31/2020,09/11/2020,103 plants,"The Back Field,MCB,Block GRN,Beds 9",9.0,in,5,1.17,72 cell flats,2,5,84,168,38833,seeds/oz,0.00,oz,0.00,,,,,,,,,,,Stems,2.000 st/pl,$8.00/bn,206.0 Stems,$164.80,$2.13/plant,Annual,,,,,filler%br%filler%br%filler%br%filler,,,,
Flowers,Apiaceae,Ammi (False Queen Anne's Lace),Ammi (False Queen Anne's Lace),Chocolate Lace | AMM-CHOCL,Greenhouse Sow,,03/28/2020,,,,,,,,05/13/2020,68,42,07/20/2020,08/31/2020,8 plants,"The Back Field,Breakfast Club,Block GRN,Beds 2",12.0,in,4,1.17,72 cell flats,2,5,84,168,38833,seeds/oz,0.00,oz,0.00,,,,,,,,,,,Stems,2.000 st/pl,$8.00/bn,16.0 Stems,$12.80,$1.60/plant,Annual,,,,,,,,,
Flowers,Ranunculaceae,Anemone,Mid Blooming,Blue White Mix | ANE-BLUWM,Direct Sow,,,,,,,,,,04/21/2020,37,14,05/28/2020,06/11/2020,4.5 bed ft.,"The Back Field,MCB,Block FLR,Beds 2",9.0,in,5,0.0,,,,,30,0,,0.00,,0.00,,,,,,,,,,,Stems,20.000 st/pl,$12.00/bn,600.0 Stems,$720.00,$32.00/plant,Annual,,,,,,,,,
Flowers,Ranunculaceae,Anemone,Mid Blooming,Lord Lieutenant | ANE-LORLT,Direct Sow,,,,,,,,,,04/21/2020,37,14,05/28/2020,06/11/2020,2 bed ft.,"The Back Field,MCB,Block FLR,Beds 2",9.0,in,5,0.0,,,,,13,0,,0.00,,0.00,,,,,,,,,,,Stems,20.000 st/pl,$12.00/bn,266.7 Stems,$320.00,$32.00/plant,Annual,,,,,,,,,
Flowers,Ranunculaceae,Anemone,Mid Blooming,White | ANE-WHITE,Direct Sow,,,,,,,,,,04/21/2020,37,14,05/28/2020,06/11/2020,4.5 bed ft.,"The Back Field,MCB,Block FLR,Beds 2",9.0,in,5,0.0,,,,,30,0,,0.00,,0.00,,,,,,,,,,,Stems,20.000 st/pl,$12.00/bn,600.0 Stems,$720.00,$32.00/plant,Annual,,,,,,,,,
Flowers,Ranunculaceae,Anemone,Mid Blooming,Saint Brigid | ANE-SAIBR,Direct Sow,,,,,,,,,,04/21/2020,37,14,05/28/2020,06/11/2020,2 bed ft.,"The Back Field,MCB,Block FLR,Beds 2",9.0,in,5,0.0,,,,,13,0,,0.00,,0.00,,,,,,,,,,,Stems,20.000 st/pl,$0.00/st,266.7 Stems,$0.00,$0.00/plant,Annual,,,,,,,,,
Flowers,Asteraceae,Aster,Aster,Apricot Swirl Mix | AST-APRSM,Greenhouse Sow,,03/14/2020,,,,,,,,05/04/2020,78,21,07/21/2020,08/11/2020,58 plants,"The Back Field,MCB,Block FLR,Beds 2",9.0,in,5,0.96,72 cell flats,2,4,69.33,138,13450,seeds/oz,0.01,oz,0.00,,,,,,,,,,,Stems,15.000 st/pl,$8.00/bn,870.0 Stems,"$1,392.00",$32.00/plant,Annual,,,,,,,,,
Flowers,Asteraceae,Aster,Aster,Harlekin Violet | AST-HARVI,Greenhouse Sow,,03/14/2020,,,,,,,,05/04/2020,78,21,07/21/2020,08/11/2020,36 plants,"The Back Field,MCB,Block FLR,Beds 2",9.0,in,5,0.96,72 cell flats,2,4,69.33,138,13450,seeds/oz,0.01,oz,0.00,,,,,,,,,,,Stems,15.000 st/pl,$8.00/bn,540.0 Stems,$864.00,$32.00/plant,Annual,,,,,,,,,
Flowers,Asteraceae,Aster,Aster,Chamois Apricot | AST-CHAPR,Greenhouse Sow,,04/08/2020,,,,,,,,05/17/2020,78,21,08/03/2020,08/24/2020,33 plants,"The Back Field,MCB,Block FLR,Beds 6",9.0,in,5,0.96,72 cell flats,2,4,69.33,138,13450,seeds/oz,0.01,oz,0.00,,,,,,,,,,,Stems,15.000 st/pl,$8.00/bn,495.0 Stems,$792.00,$31.94/plant,Annual,,,,,,,,,
Flowers,Asteraceae,Aster,Aster,Valkyrie Pink | AST-VALPK,Greenhouse Sow,,04/08/2020,,,,,,,,05/17/2020,78,21,08/03/2020,08/24/2020,71 plants,"The Back Field,MCB,Block FLR,Beds 6",9.0,in,5,0.96,72 cell flats,2,4,69.33,138,13450,seeds/oz,0.01,oz,0.00,,,,,,,,,,,Stems,15.000 st/pl,$8.00/bn,"1,065.0 Stems","$1,704.00",$32.03/plant,Annual,,,,,,,,,
Flowers,Asteraceae,Aster,Aster,Chamois Apricot | AST-CHAPR,Greenhouse Sow,,04/08/2020,,,,,,,,05/17/2020,78,21,08/03/2020,08/24/2020,71 plants,"The Back Field,MCB,Block FLR,Beds 7",9.0,in,5,1.03,72 cell flats,2,4,73.8,148,13450,seeds/oz,0.01,oz,0.00,,,,,,,,,,,Stems,15.000 st/row ft,$8.00/bn,798.8 Stems,"$1,278.00",$24.02/row ft.,Annual,,,,,,,,,
Herbs,Lamiaceae,Basil,Basil,Mrs. Burn's Lemon | BAS-MRSBL,Direct Sow,Full-Size,,,,,,,,,07/08/2020,70,28,09/16/2020,10/14/2020,10 bed ft.,"White House,Situation,Block GRN,Beds 2",9.0,in,5,0.0,,,,,67,22342,seeds/oz,0.00,oz,0.00,,,,,,,,,,,Stems,30.000 st/pl,$8.00/bn,"2,000.0 Stems","$1,600.00",$32.00/plant,Annual,,,,,foliage,,,,
Flowers,Amaranthaceae,Celosia,Celosia,Cockscomb Coral Rf | CEL-COCRF,Greenhouse Sow,,03/28/2020,,,,,,,,05/31/2020,32,17,07/02/2020,07/19/2020,129 plants,"The Back Field,MCB,Block GRN,Beds 10",9.0,in,5,0.1,72 cell flats,2,5,70,14,40173,seeds/oz,0.00,oz,0.00,,,,,,,,,,,Stems,2.000 st/pl,$8.00/bn,258.0 Stems,$206.40,$2.13/plant,Annual,,,,,,,,,
Flowers,Amaranthaceae,Celosia,Celosia,Texas Plume SumShr | CEL-TEXSS,Greenhouse Sow,,04/08/2020,,,,,,,,05/31/2020,32,17,07/02/2020,07/19/2020,98 plants,"The Back Field,MCB,Block GRN,Beds 10",9.0,in,5,0.58,72 cell flats,2,5,42,84,40173,seeds/oz,0.00,oz,0.00,,,,,,,,,,,Stems,7.000 st/pl,$8.00/bn,686.0 Stems,$548.80,$7.47/plant,Annual,,,,,,,,,
Flowers,Amaranthaceae,Celosia,Celosia,Pampas Plume | CEL-PAMPL,Greenhouse Sow,,04/08/2020,,,,,,,,05/24/2020,32,17,06/25/2020,07/12/2020,82 plants,"The Back Field,MCB,Block GRN,Beds 9",9.0,in,5,0.58,72 cell flats,2,5,42,84,40173,seeds/oz,0.00,oz,0.00,,,,,,,,,,,Stems,7.000 st/pl,$8.00/bn,574.0 Stems,$459.20,$7.47/plant,Annual,,,,,,,,,
Flowers,Asteraceae,Cosmos,Cosmos,Rubenza | COS-RUDBN,Greenhouse Sow,,05/14/2020,,,,,,,,06/10/2020,62,35,08/11/2020,09/15/2020,105 plants,"The Back Field,MCB,Block GRN,Beds 11",9.0,in,3,1.53,72 cell flats,1,5,110.3,110,52160,seeds/oz,0.00,oz,0.00,,,,,,,,,,,Stems,60.000 st/pl,$8.00/bn,"6,300.0 Stems","$5,040.00",$63.96/plant,Annual,,,,,,,,,
Flowers,Asteraceae,Cosmos,Cosmos,Apricot Lemonade | COS-APRIL,Greenhouse Sow,,05/14/2020,,,,,,,,06/07/2020,62,35,08/08/2020,09/12/2020,175 plants,"The Back Field,MCB,Block FLR,Beds 5",9.0,in,3,0.58,72 cell flats,1,5,42,42,52160,seeds/oz,0.00,oz,0.00,,,,,,,,,,,Bunches,60.000 st/pl,$8.00/bn,"10,500.0 Stems","$8,400.00",$64.02/plant,Annual,,,,,,,,,
Flowers,Asteraceae,Cosmos,Cosmos,Cupcake Blush | COS-CUPBL,Greenhouse Sow,,05/14/2020,,,,,,,,05/27/2020,62,35,07/28/2020,09/01/2020,60 plants,"The Back Field,MCB,Block FLR,Beds 5",9.0,in,3,0.88,72 cell flats,1,5,63,63,52160,seeds/oz,0.00,oz,0.00,,,,,,,,,,,Stems,60.000 st/pl,$8.00/bn,"3,600.0 Stems","$2,880.00",$64.00/plant,Annual,,,,,,,,,
Flowers,Asteraceae,Cosmos,Cosmos,Seashells Mix | COS-SEASM,Greenhouse Sow,,05/14/2020,,,,,,,,05/27/2020,62,35,07/28/2020,09/01/2020,62 plants,"The Back Field,MCB,Block FLR,Beds 5",9.0,in,3,0.9,72 cell flats,1,5,65.1,65,52160,seeds/oz,0.00,oz,0.00,,,,,,,,,,,Stems,60.000 st/pl,$8.00/bn,"3,720.0 Stems","$2,976.00",$64.00/plant,Annual,,,,,,,,,
Flowers,Asteraceae,Cosmos,Cosmos,Cupcake Blush | COS-CUPBL,Greenhouse Sow,,05/14/2020,,,,,,,,06/08/2020,62,35,08/09/2020,09/13/2020,75 plants,"The Back Field,MCB,Block GRN,Beds 11",9.0,in,3,1.09,72 cell flats,1,5,78.8,78,52160,seeds/oz,0.00,oz,0.00,,,,,,,,,,,Stems,60.000 st/row ft,$8.00/bn,"3,375.0 Stems","$2,700.00",$48.04/row ft.,Annual,,,,,,,,,
Flowers,Asteraceae,Cosmos,Cosmos,Seashells Mix | COS-SEASM,Greenhouse Sow,,05/14/2020,,,,,,,,06/06/2020,62,35,08/07/2020,09/11/2020,54 plants,"The Back Field,MCB,Block FLR,Beds 5",9.0,in,3,0.9,72 cell flats,1,5,65,65,52160,seeds/oz,0.00,oz,0.00,,,,,,,,,,,Stems,60.000 st/row ft,$8.00/bn,"2,430.0 Stems","$1,944.00",$48.00/row ft.,Annual,,,,,,,,,
Flowers,Asteraceae,Cosmos,Cosmos,Dbl Click Bi Rose | COS-DBLCR,Greenhouse Sow,,05/20/2020,,,,,,,,06/06/2020,62,35,08/07/2020,09/11/2020,54 plants,"The Back Field,MCB,Block FLR,Beds 5",9.0,in,3,0.58,72 cell flats,1,5,42,42,52160,seeds/oz,0.00,oz,0.00,,,,,,,,,,,Stems,60.000 st/pl,$8.00/bn,"3,240.0 Stems","$2,592.00",$64.00/plant,Annual,,,,,,,,,
Flowers,Asteraceae,Cosmos,Cosmos,Dbl Click Snow Puff| COS-DBLCS,Greenhouse Sow,,05/20/2020,,,,,,,,06/06/2020,62,35,08/07/2020,09/11/2020,26 plants,"The Back Field,MCB,Block FLR,Beds 5",9.0,in,3,0.58,72 cell flats,1,5,42,42,52160,seeds/oz,0.00,oz,0.00,,,,,,,,,,,Stems,60.000 st/pl,$8.00/bn,"1,560.0 Stems","$1,248.00",$64.00/plant,Annual,,,,,,,,,
Flowers,Asteraceae,Cosmos,Cosmos,Double Click Mix | COS-DBLCM,Greenhouse Sow,,05/20/2020,,,,,,,,06/06/2020,62,35,08/07/2020,09/11/2020,49 plants,"The Back Field,MCB,Block FLR,Beds 5",9.0,in,3,0.58,72 cell flats,1,5,42,42,52160,seeds/oz,0.00,oz,0.00,,,,,,,,,,,Stems,60.000 st/pl,$8.00/bn,"2,940.0 Stems","$2,352.00",$63.91/plant,Annual,,,,,,,,,
Flowers,Asteraceae,Cosmos,Cosmos,Cupcake White | COS-CUPCW,Greenhouse Sow,,05/20/2020,,,,,,,,06/08/2020,62,35,08/09/2020,09/13/2020,70 plants,"The Back Field,MCB,Block GRN,Beds 11",9.0,in,3,0.58,72 cell flats,1,5,42,42,52160,seeds/oz,0.00,oz,0.00,,,,,,,,,,,Stems,60.000 st/pl,$8.00/bn,"4,200.0 Stems","$3,360.00",$64.00/plant,Annual,,,,,,,,,
Flowers,Asteraceae,Cosmos,Cosmos,Dbl Click Cberries | COS-DBLCC,Greenhouse Sow,,05/20/2020,,,,,,,,06/06/2020,62,35,08/07/2020,09/11/2020,58 plants,"The Back Field,MCB,Block FLR,Beds 5",9.0,in,3,0.58,72 cell flats,1,5,42,42,52160,seeds/oz,0.00,oz,0.00,,,,,,,,,,,Stems,60.000 st/pl,$8.00/bn,"3,480.0 Stems","$2,784.00",$64.00/plant,Annual,,,,,,,,,
Vegetables,Brassicaceae,Cress,Cress,Emerald Beads | CRE-EMEBD,Direct Sow,Full-Size,,,,,,,,,07/08/2020,90,14,10/06/2020,10/20/2020,10 bed ft.,"White House,Situation,Block GRN,Beds 2",9.0,in,5,0.0,,,,,67,15433,seeds/oz,0.00,oz,0.00,,,,,,,,,,,Stems,5.000 st/pl,$8.00/bn,333.3 Stems,$266.66,$5.33/plant,Annual,,,,,,,,,
Vegetables,Brassicaceae,Cress,Cress,Emerald Beads | CRE-EMEBD,Direct Sow,Full-Size,,,,,,,,,07/08/2020,90,14,10/06/2020,10/20/2020,10 bed ft.,"White House,Situation,Block GRN,Beds 2",9.0,in,5,0.0,,,,,67,15433,seeds/oz,0.00,oz,0.00,,,,,,,,,,,Stems,5.000 st/pl,$8.00/bn,333.3 Stems,$266.66,$5.33/plant,Annual,,,,,,,,,
Vegetables,Brassicaceae,Cress,Cress,Pennycress | CRE-PENCR,Direct Sow,Full-Size,,,,,,,,,07/08/2020,60,14,09/06/2020,09/20/2020,10 bed ft.,"White House,Situation,Block GRN,Beds 2",9.0,in,5,0.0,,,,,67,15433,seeds/oz,0.00,oz,0.00,,,,,,,,,,,Stems,5.000 st/pl,$8.00/bn,333.3 Stems,$266.66,$5.33/plant,Annual,,,,,,,,,
Vegetables,Brassicaceae,Cress,Cress,Wrinkled Crinkled | CRE-WRICR,Direct Sow,Full-Size,,,,,,,,,07/09/2020,60,14,09/07/2020,09/21/2020,10 bed ft.,"White House,Situation,Block GRN,Beds 2",9.0,in,5,0.0,,,,,67,15433,seeds/oz,0.00,oz,0.00,,,,,,,,,,,Stems,5.000 st/pl,$8.00/bn,333.3 Stems,$266.66,$5.33/plant,Annual,,,,,filler,,,,
Vegetables,Brassicaceae,Cress,Cress,Pennycress | CRE-PENCR,Direct Sow,Full-Size,,,,,,,,,07/09/2020,60,14,09/07/2020,09/21/2020,10 bed ft.,"White House,Situation,Block GRN,Beds 2",9.0,in,5,0.0,,,,,67,15433,seeds/oz,0.00,oz,0.00,,,,,,,,,,,Stems,5.000 st/pl,$8.00/bn,333.3 Stems,$266.66,$5.33/plant,Annual,,,,,,,,,
Flowers,Asteraceae,Dahlias,Mid Blooming,Giant Hybrid Mix | DAH-GIAMX,Greenhouse Sow,,04/14/2020,,,,,,,,05/23/2020,58,60,07/20/2020,09/18/2020,163 plants,"The Back Field,MCB,Block FLR,Beds 3",9.0,in,5,2.4,72 cell flats,2,6,169.6,346,0,,0.00,,0.00,,,,,,,,,,,Stems,20.000 st/pl,$20.00/bn,"3,260.0 Stems","$6,520.00",$53.36/plant,Annual,,,,,,,,,
Flowers,Asteraceae,Dahlias,Mid Blooming,Giant Hybrid Mix | DAH-GIAMX,Greenhouse Sow,,04/14/2020,,,,,,,,05/26/2020,58,60,07/23/2020,09/21/2020,163 plants,"The Back Field,MCB,Block FLR,Beds 4",9.0,in,5,2.4,72 cell flats,2,6,172.8,346,0,,0.00,,0.00,,,,,,,,,,,Stems,20.000 st/row ft,$20.00/bn,"2,445.0 Stems","$4,890.00",$40.02/row ft.,Annual,,,,,,,,,
Flowers,Asteraceae,Dahlias,Mid Blooming,Café Au Lait | DAH-CAFEA,Direct Sow,,,,,,,,,,05/02/2020,90,60,07/31/2020,09/29/2020,8 plants,"The Back Field,MCB,Block FLR,Beds 3",16.0,in,3,0.0,,,,,8,0,,0.00,,0.00,,,,,,,,,,,Stems,20.000 st/pl,$5.00/st,160.0 Stems,$800.00,$74.77/plant,Annual,,,,,,,,,
Flowers,Asteraceae,Dahlias,Mid Blooming,Shiloh Noelle | DAH-SHILN,Direct Sow,,,,,,,,,,05/02/2020,90,60,07/31/2020,09/29/2020,5 plants,"The Back Field,MCB,Block FLR,Beds 3",16.0,in,3,0.0,,,,,5,0,,0.00,,0.00,,,,,,,,,,,Stems,20.000 st/pl,$5.00/st,100.0 Stems,$500.00,$74.63/plant,Annual,,,,,,,,,
Flowers,Asteraceae,Dahlias,Mid Blooming,Hamari Gold | DAH-HAMGD,Direct Sow,,,,,,,,,,05/02/2020,90,60,07/31/2020,09/29/2020,5 plants,"The Back Field,MCB,Block FLR,Beds 3",16.0,in,3,0.0,,,,,5,0,,0.00,,0.00,,,,,,,,,,,Stems,20.000 st/pl,$5.00/st,100.0 Stems,$500.00,$74.63/plant,Annual,,,,,,,,,
Flowers,Asteraceae,Dahlias,Mid Blooming,Penhill Watermelon | DAH-PENHW,Direct Sow,,,,,,,,,,05/02/2020,90,60,07/31/2020,09/29/2020,4 bed ft.,"The Back Field,MCB,Block FLR,Beds 3",16.0,in,3,0.0,,,,,9,0,,0.00,,0.00,,,,,,,,,,,Stems,20.000 st/pl,$5.00/st,180.0 Stems,$900.00,$75.00/plant,Annual,,,,,,,,,
Flowers,Asteraceae,Dahlias,Mid Blooming,Otto’s Thrill | DAH-OTTOS,Direct Sow,,,,,,,,,,05/02/2020,90,60,07/31/2020,09/29/2020,8 plants,"The Back Field,MCB,Block FLR,Beds 3",16.0,in,3,0.0,,,,,8,0,,0.00,,0.00,,,,,,,,,,,Stems,0.000 st/row ft,$0.00/st,0.0 ,$0.00,$0.00/row ft.,Annual,,,,,,,,,
Flowers,Asteraceae,Dahlias,Mid Blooming,Lucky Number | DAH-LUCKY,Direct Sow,,,,,,,,,,05/02/2020,90,60,07/31/2020,09/29/2020,3 plants,"The Back Field,MCB,Block FLR,Beds 3",16.0,in,3,0.04,,,,,3,0,,0.00,,0.00,,,,,,,,,,,Stems,20.000 st/pl,$16.00/bn,60.0 Stems,$96.00,$24.00/plant,Annual,,,,,,,,,
Flowers,Asteraceae,Dahlias,Mid Blooming,Eye Opener Blend | DAH-EYEOP,Direct Sow,,,,,,,,,,05/02/2020,90,60,07/31/2020,09/29/2020,3 plants,"The Back Field,MCB,Block FLR,Beds 3",16.0,in,3,0.04,,,,,3,0,,0.00,,0.00,,,,,,,,,,,Stems,20.000 st/pl,$16.00/bn,60.0 Stems,$96.00,$24.00/plant,Annual,,,,,,,,,
Flowers,Asteraceae,Dahlias,Mid Blooming,Noordwijks Glorie | DAH-NOORD,Direct Sow,,,,,,,,,,05/02/2020,90,60,07/31/2020,09/29/2020,3 plants,"The Back Field,MCB,Block FLR,Beds 3",16.0,in,3,0.04,,,,,3,0,,0.00,,0.00,,,,,,,,,,,Stems,20.000 st/pl,$16.00/bn,60.0 Stems,$96.00,$24.00/plant,Annual,,,,,,,,,
Flowers,Asteraceae,Dahlias,Mid Blooming,Black Satin | DAH-BLASA,Direct Sow,,,,,,,,,,05/03/2020,90,60,08/01/2020,09/30/2020,5 plants,"The Back Field,MCB,Block FLR,Beds 3",16.0,in,3,0.0,,,,,5,0,,0.00,,0.00,,,,,,,,,,,Stems,20.000 st/pl,$16.00/bn,100.0 Stems,$160.00,$23.88/plant,Annual,,,,,,,,,
Flowers,Asteraceae,Dahlias,Mid Blooming,Cornel | DAH-CORNL,Direct Sow,,,,,,,,,,05/03/2020,90,60,08/01/2020,09/30/2020,5 plants,"The Back Field,MCB,Block FLR,Beds 3",16.0,in,3,0.0,,,,,5,0,,0.00,,0.00,,,,,,,,,,,Stems,20.000 st/pl,$16.00/bn,100.0 Stems,$160.00,$23.88/plant,Annual,,,,,,,,,
Flowers,Asteraceae,Dahlias,Mid Blooming,Franz Kafka | DAH-FRAKF,Direct Sow,,,,,,,,,,05/03/2020,90,60,08/01/2020,09/30/2020,7 plants,"The Back Field,MCB,Block FLR,Beds 3",16.0,in,3,0.0,,,,,7,0,,0.00,,0.00,,,,,,,,,,,Stems,20.000 st/pl,$16.00/bn,140.0 Stems,$224.00,$24.09/plant,Annual,,,,,,,,,
Flowers,Asteraceae,Dahlias,Mid Blooming,Jan Ryecroft | DAH-JANRY,Direct Sow,,,,,,,,,,05/03/2020,90,60,08/01/2020,09/30/2020,5 plants,"The Back Field,MCB,Block FLR,Beds 3",16.0,in,3,0.0,,,,,5,0,,0.00,,0.00,,,,,,,,,,,Stems,20.000 st/pl,$16.00/bn,100.0 Stems,$160.00,$23.88/plant,Annual,,,,,,,,,
Flowers,Asteraceae,Dahlias,Mid Blooming,Lancresse | DAH-LANCR,Direct Sow,,,,,,,,,,05/03/2020,90,60,08/01/2020,09/30/2020,5 plants,"The Back Field,MCB,Block FLR,Beds 3",16.0,in,3,0.0,,,,,5,0,,0.00,,0.00,,,,,,,,,,,Stems,20.000 st/pl,$20.00/bn,100.0 Stems,$200.00,$29.85/plant,Annual,,,,,,,,,
Flowers,Asteraceae,Dahlias,Mid Blooming,Peaches n Cream | DAH-PEACR,Direct Sow,,,,,,,,,,05/03/2020,90,60,08/01/2020,09/30/2020,8 plants,"The Back Field,MCB,Block FLR,Beds 3",16.0,in,3,0.0,,,,,8,0,,0.00,,0.00,,,,,,,,,,,Stems,20.000 st/pl,$20.00/bn,160.0 Stems,$320.00,$29.91/plant,Annual,,,,,,,,,
Flowers,Asteraceae,Dahlias,Mid Blooming,Thomas Edison | DAH-THOED,Direct Sow,,,,,,,,,,05/03/2020,90,60,08/01/2020,09/30/2020,5 plants,"The Back Field,MCB,Block FLR,Beds 3",16.0,in,3,0.0,,,,,5,0,,0.00,,0.00,,,,,,,,,,,Stems,20.000 st/pl,$20.00/bn,100.0 Stems,$200.00,$29.85/plant,Annual,,,,,,,,,
Flowers,Asteraceae,Dahlias,Mid Blooming,BoomBoom White | DAH-BOOWH,Direct Sow,,,,,,,,,,05/03/2020,90,60,08/01/2020,09/30/2020,5 plants,"The Back Field,MCB,Block FLR,Beds 3",16.0,in,3,0.0,,,,,5,0,,0.00,,0.00,,,,,,,,,,,Stems,20.000 st/pl,$20.00/bn,100.0 Stems,$200.00,$29.85/plant,Annual,,,,,,,,,
Flowers,Asteraceae,Dahlias,Mid Blooming,Conn Coral | DAH-CONNC,Direct Sow,,,,,,,,,,05/03/2020,90,60,08/01/2020,09/30/2020,8 plants,"The Back Field,MCB,Block FLR,Beds 3",16.0,in,3,0.0,,,,,8,0,,0.00,,0.00,,,,,,,,,,,Stems,20.000 st/pl,$20.00/bn,160.0 Stems,$320.00,$29.91/plant,Annual,,,,,,,,,
Flowers,Asteraceae,Dahlias,Mid Blooming,Dorothy | DAH-DORTH,Direct Sow,,,,,,,,,,05/03/2020,90,60,08/01/2020,09/30/2020,5 plants,"The Back Field,MCB,Block FLR,Beds 3",16.0,in,3,0.0,,,,,5,0,,0.00,,0.00,,,,,,,,,,,Stems,20.000 st/pl,$16.00/bn,100.0 Stems,$160.00,$23.88/plant,Annual,,,,,,,,,
Flowers,Asteraceae,Dahlias,Mid Blooming,Lady Natalie | DAH-LADYN,Direct Sow,,,,,,,,,,05/03/2020,90,60,08/01/2020,09/30/2020,5 plants,"The Back Field,MCB,Block FLR,Beds 3",16.0,in,3,0.0,,,,,5,0,,0.00,,0.00,,,,,,,,,,,Stems,20.000 st/pl,$16.00/bn,100.0 Stems,$160.00,$23.88/plant,Annual,,,,,,,,,
Flowers,Asteraceae,Dahlias,Mid Blooming,Mystique | DAH-MYSTQ,Direct Sow,,,,,,,,,,05/03/2020,90,60,08/01/2020,09/30/2020,8 plants,"The Back Field,MCB,Block FLR,Beds 3",16.0,in,3,0.0,,,,,8,0,,0.00,,0.00,,,,,,,,,,,Stems,20.000 st/pl,$20.00/bn,160.0 Stems,$320.00,$29.91/plant,Annual,,,,,,,,,
Flowers,Asteraceae,Dahlias,Mid Blooming,Sweet Nathalie | DAH-SWETN,Direct Sow,,,,,,,,,,05/03/2020,90,60,08/01/2020,09/30/2020,5 plants,"The Back Field,MCB,Block FLR,Beds 3",16.0,in,3,0.0,,,,,5,0,,0.00,,0.00,,,,,,,,,,,Stems,20.000 st/pl,$20.00/bn,100.0 Stems,$200.00,$29.85/plant,Annual,,,,,,,,,
Flowers,Asteraceae,Dahlias,Mid Blooming,Wizard of Oz | DAH-WIZOZ,Direct Sow,,,,,,,,,,05/03/2020,90,60,08/01/2020,09/30/2020,3 plants,"The Back Field,MCB,Block FLR,Beds 3",16.0,in,3,0.0,,,,,3,0,,0.00,,0.00,,,,,,,,,,,Bunches,20.000 st/pl,$16.00/bn,60.0 Stems,$96.00,$24.00/plant,Annual,,,,,,,,,
Flowers,Asteraceae,Dahlias,Mid Blooming,Golden Scepter | DAH-GOLDN,Direct Sow,,,,,,,,,,05/03/2020,90,60,08/01/2020,09/30/2020,5 plants,"The Back Field,MCB,Block FLR,Beds 3",16.0,in,3,0.0,,,,,5,0,,0.00,,0.00,,,,,,,,,,,Stems,20.000 st/pl,$16.00/bn,100.0 Stems,$160.00,$23.88/plant,Annual,,,,,,,,,
Flowers,Asteraceae,Dusty Miller,Dusty Miller,New Look | DUS-NEWLK,Greenhouse Sow,,02/26/2020,,,,,,,,05/05/2020,80,33,07/24/2020,08/26/2020,62 plants,"The Back Field,MCB,Block GRN,Beds 8",9.0,in,5,1.94,72 cell flats,2,5,140,279,0,,0.00,,0.00,,,,,,,,,,,Stems,10.000 st/pl,$9.00/bn,620.0 Stems,$558.00,$12.00/plant,Annual,,,,,foliage%br%foliage%br%foliage%br%foliage%br%foliage,,,,
Flowers,Myrtaceae,Eucalyptus,Eucalyptus,Silver Dollar | EUC-SILDL,Greenhouse Sow,,02/17/2020,,,,,,,,05/31/2020,80,36,08/19/2020,09/24/2020,31 plants,"The Back Field,MCB,Block GRN,Beds 9",9.0,in,5,0.58,72 cell flats,2,5,42,84,44000,seeds/oz,0.00,oz,0.00,,,,,,,,,,,Stems,30.000 st/pl,$11.00/bn,930.0 Stems,"$1,023.00",$44.09/plant,Annual,,,,,,,,,
Flowers,Myrtaceae,Eucalyptus,Eucalyptus,Silver Dollar | EUC-SILDL,Greenhouse Sow,,02/17/2020,,,,,,,,05/31/2020,80,36,08/19/2020,09/24/2020,15 plants,"The Back Field,MCB,Block GRN,Beds 10",9.0,in,5,0.22,72 cell flats,2,5,16,32,44000,seeds/oz,0.00,oz,0.00,,,,,,,,,,,Stems,30.000 st/row ft,$11.00/bn,337.5 Stems,$371.25,$33.15/row ft.,Annual,,,,,,,,,
Flowers,Amaranthaceae,Gomphrena (Globe Amaranth),Gomphrena (Globe Amaranth),Sunset Mix | GOM-SUNMX,Greenhouse Sow,,03/29/2020,,,,,,,,05/26/2020,20,63,06/15/2020,08/17/2020,108 plants,"The Back Field,MCB,Block FLR,Beds 4",9.0,in,5,0.97,72 cell flats,2,5,70,140,8000,seeds/oz,0.02,oz,0.00,,,,,,,,,,,Stems,14.000 st/pl,$8.00/bn,"1,512.0 Stems","$1,209.60",$14.93/plant,Annual,,,,,,,,,
Flowers,Amaranthaceae,Gomphrena (Globe Amaranth),Gomphrena (Globe Amaranth),Pastel Mix | GOM-PASMX,Greenhouse Sow,,03/29/2020,,,,,,,,05/26/2020,10,63,06/05/2020,08/07/2020,105 plants,"The Back Field,MCB,Block FLR,Beds 4",9.0,in,5,0.97,72 cell flats,2,5,70,140,8000,seeds/oz,0.02,oz,0.00,,,,,,,,,,,Stems,14.000 st/pl,$8.00/bn,"1,470.0 Stems","$1,176.00",$14.92/plant,Annual,,,,,,,,,
Flowers,Amaranthaceae,Gomphrena (Globe Amaranth),Gomphrena (Globe Amaranth),White | GOM-WHITE,Greenhouse Sow,,03/29/2020,,,,,,,,05/26/2020,10,63,06/05/2020,08/07/2020,101 plants,"The Back Field,MCB,Block FLR,Beds 4",9.0,in,5,0.97,72 cell flats,2,5,70,140,8000,seeds/oz,0.02,oz,0.00,,,,,,,,,,,Stems,14.000 st/pl,$8.00/bn,"1,414.0 Stems","$1,131.20",$14.92/plant,Annual,,,,,,,,,
Vegetables,Cucurbitaceae,Gourds,Large,Ornamental Mix | GOU-ORNMX,Direct Sow,,,,,,,,,,06/27/2020,95,14,09/30/2020,10/14/2020,40 plants,"The Back Field,Gourd Patch,No Block,Beds 1",60.0,in,5,0.0,,,,,40,20,seeds/g,2.00,g,0.00,,,,,,,,,,,Pounds,2.630 lb/row ft,$0.50/lb,526.0 Pounds,$263.00,$1.32/row ft.,Annual,,,,,,,,,
Vegetables,Cucurbitaceae,Gourds,Large,Ornamental Mix | GOU-ORNMX,Direct Sow,,,,,,,,,,06/28/2020,95,14,10/01/2020,10/15/2020,32 plants,"The Back Field,Leftover pumpkins and gourds,No Block,Beds 1",60.0,in,5,0.0,,,,,32,20,seeds/g,1.60,g,0.00,,,,,,,,,,,Pounds,2.630 lb/row ft,$0.50/lb,420.8 Pounds,$210.40,$1.32/row ft.,Annual,,,,,,,,,
Flowers,Caryophyllaceae,Gypsophila (Baby's Breath),Gypsophila (Baby's Breath),Covent | GYP-COVEN,Direct Sow,,,,,,,,,,07/08/2020,60,38,09/06/2020,10/14/2020,10 bed ft.,"White House,Situation,Block GRN,Beds 2",9.0,in,5,0.0,,,,,67,26400,seeds/oz,0.00,oz,,,,,,,,,,,,Stems,5.000 st/pl,$8.50/bn,333.3 Stems,$283.33,$5.67/plant,Annual,,,,,filler,,,,
Flowers,Asteraceae,Marigold,Marigold,Giant Yellow | MAR-GIAYL,Greenhouse Sow,,04/08/2020,,,,,,,,05/17/2020,79,63,08/04/2020,10/06/2020,197 plants,"The Back Field,MCB,Block FLR,Beds 6",9.0,in,5,1.25,128 cell flats,2,20,160,320,10500,seeds/oz,0.03,oz,0.00,,,,,,,,,,,Stems,12.000 st/pl,$8.00/bn,"2,364.0 Stems","$1,891.20",$12.80/plant,Annual,,,,,,,,,
Flowers,Resedaceae,Mignonette,Mignonette,Standard | MIG-STAND,Direct Sow,,,,,,,,,,07/08/2020,29,14,08/06/2020,08/20/2020,10 bed ft.,"White House,Situation,Block GRN,Beds 2",9.0,in,5,0.97,,,,,67,0,,0.00,,0.00,,,,,,,,,,,Stems,8.000 st/pl,$8.00/bn,533.3 Stems,$426.66,$8.53/plant,Annual,,,,,,,,,
Flowers,Resedaceae,Mignonette,Mignonette,White Mignonette | MIG-WHITE,Direct Sow,,,,,,,,,,07/08/2020,29,14,08/06/2020,08/20/2020,10 bed ft.,"White House,Situation,Block GRN,Beds 2",9.0,in,5,0.14,,,,,67,0,,0.00,,0.00,,,,,,,,,,,Stems,8.000 st/pl,$8.00/bn,533.3 Stems,$426.66,$8.53/plant,Annual,,,,,,,,,
Flowers,Solanaceae,Nicandra Physalodes,Nicandra Physalodes,Apple of Peru | NIC-APPLP,Greenhouse Sow,,03/22/2020,,,,,,,,05/23/2020,13,60,06/05/2020,08/04/2020,185 plants,"The Back Field,MCB,Block GRN,Beds 9",9.0,in,5,1.17,72 cell flats,2,5,84,168,0,,0.00,,0.00,,,,,,,,,,,Stems,10.000 st/pl,$7.00/bn,"1,850.0 Stems","$1,295.00",$9.33/plant,Annual,,,,,,,,,
Flowers,Tropaeolaceae,Orlaya,Orlaya,White Finch | ORL-WHIFN,Greenhouse Sow,,03/16/2020,,,,,,,,05/07/2020,45,84,06/21/2020,09/13/2020,20 bed ft.,"The Back Field,MCB,Block GRN,Beds 8",9.0,in,5,0.97,72 cell flats,2,5,70,140,2300,seeds/oz,0.06,oz,0.00,,,,,,,,,,,Stems,5.000 st/pl,$8.00/bn,666.7 Stems,$533.34,$5.33/plant,Annual,,,,,,,,,
Flowers,Poaceae,Ornamental Grasses,Ornamental Grasses,Frosted Explosion | ORN-FROEX,Greenhouse Sow,,03/22/2020,,,,,,,,05/05/2020,31,60,06/05/2020,08/04/2020,73 plants,"The Back Field,MCB,Block GRN,Beds 8",9.0,in,5,0.97,72 cell flats,2,5,70,140,38300,seeds/oz,0.00,oz,0.00,,,,,,,,,,,Stems,10.000 st/pl,$8.00/bn,730.0 Stems,$584.00,$10.66/plant,Annual,,,,,foliage%br%foliage%br%foliage,,,,
Flowers,Poaceae,Ornamental Grasses,Ornamental Grasses,Frosted Explosion | ORN-FROEX,Greenhouse Sow,,04/30/2020,,,,,,,,05/31/2020,31,60,07/01/2020,08/30/2020,216 plants,"The Back Field,MCB,Block GRN,Beds 10",9.0,in,5,0.1,72 cell flats,2,5,70,14,38300,seeds/oz,0.00,oz,0.00,,,,,,,,,,,Stems,10.000 st/pl,$8.00/bn,"2,160.0 Stems","$1,728.00",$10.67/plant,Annual,,,,,foliage%br%foliage%br%foliage%br%foliage,,,,
Flowers,Poaceae,Ornamental Grasses,Ornamental Grasses,Bunny Tails | ORN-BUNTL,Greenhouse Sow,,04/30/2020,,,,,,,,05/31/2020,68,28,08/07/2020,09/04/2020,76 plants,"The Back Field,MCB,Block GRN,Beds 10",9.0,in,5,1.94,72 cell flats,2,5,140,279,38300,seeds/oz,0.01,oz,0.00,,,,,,,,,,,Stems,10.000 st/pl,$8.00/bn,760.0 Stems,$608.00,$10.67/plant,Annual,,,,,,,,,
Vegetables,Cucurbitaceae,Pumpkins,Medium,Pipsqueak PMR | PUM-PIPSQ,Direct Sow,,,,,,,,,,06/27/2020,100,28,10/05/2020,11/02/2020,44 plants,"The Back Field,PipSqueak Patch,No Block,Beds 1",33.0,in,3,0.0,,,,,44,3055,seeds/lb,0.01,lbs,0.00,,,,,,,,,,,Pounds,3.000 lb/row ft,$2.00/lb,363.0 Pounds,$726.00,$6.00/row ft.,Annual,,,,,,,,,
Vegetables,Cucurbitaceae,Pumpkins,Medium,Racer | PUM-RACER,Direct Sow,,,,,,,,,,06/27/2020,85,28,09/20/2020,10/18/2020,44 plants,"The Back Field,Racer Patch,No Block,Beds 1",33.0,in,3,0.0,,,,,44,3055,seeds/lb,0.01,lbs,0.00,,,,,,,,,,,Pounds,3.000 lb/row ft,$2.00/lb,363.0 Pounds,$726.00,$6.00/row ft.,Annual,,,,,,,,,
Vegetables,Cucurbitaceae,Pumpkins,Large,Howden | PUM-HOWDN,Direct Sow,,,,,,,,,,06/27/2020,115,28,10/20/2020,11/17/2020,24 plants,"The Back Field,Howden Patch,No Block,Beds 1",60.0,in,3,0.0,,,,,24,3055,seeds/lb,0.01,lbs,0.00,,,,,,,,,,,Pounds,3.000 lb/row ft,$2.00/lb,360.0 Pounds,$720.00,$6.00/row ft.,Annual,,,,,,,,,
Vegetables,Cucurbitaceae,Pumpkins,Specialty,Casper | PUM-CASPR,Direct Sow,,,,,,,,,,06/27/2020,77,28,09/12/2020,10/10/2020,48 plants,"The Back Field,Casper Patch,No Block,Beds 1",18.0,in,2,0.0,,,,,48,3055,seeds/lb,0.02,lbs,0.00,,,,,,,,,,,Pounds,3.000 lb/row ft,$2.00/lb,216.0 Pounds,$432.00,$6.00/row ft.,Annual,,,,,,,,,
Vegetables,Cucurbitaceae,Pumpkins,Medium,Flat Stacker | PUM-FLATS,Direct Sow,,,,,,,,,,06/27/2020,95,28,09/30/2020,10/28/2020,33 plants,"The Back Field,Flat Stacker Patch,No Block,Beds 1",42.0,in,3,0.0,,,,,33,3055,seeds/lb,0.01,lbs,0.00,,,,,,,,,,,Pounds,3.000 lb/row ft,$2.00/lb,346.5 Pounds,$693.00,$6.00/row ft.,Annual,,,,,,,,,
Vegetables,Cucurbitaceae,Pumpkins,Medium,Pipsqueak PMR | PUM-PIPSQ,Direct Sow,,,,,,,,,,06/28/2020,100,28,10/06/2020,11/03/2020,22 plants,"The Back Field,Leftover pumpkins and gourds,No Block,Beds 1",33.0,in,3,0.0,,,,,22,3055,seeds/lb,0.01,lbs,0.00,,,,,,,,,,,Pounds,3.000 lb/row ft,$2.00/lb,181.5 Pounds,$363.00,$6.00/row ft.,Annual,,,,,,,,,
Vegetables,Cucurbitaceae,Pumpkins,Medium,Racer | PUM-RACER,Direct Sow,,,,,,,,,,06/28/2020,85,28,09/21/2020,10/19/2020,18 plants,"The Back Field,Leftover pumpkins and gourds,No Block,Beds 1",33.0,in,3,0.0,,,,,18,3055,seeds/lb,0.01,lbs,0.00,,,,,,,,,,,Pounds,3.000 lb/row ft,$2.00/lb,148.5 Pounds,$297.00,$6.00/row ft.,Annual,,,,,,,,,
Vegetables,Cucurbitaceae,Pumpkins,Large,Howden | PUM-HOWDN,Direct Sow,,,,,,,,,,06/28/2020,115,28,10/21/2020,11/18/2020,11 plants,"The Back Field,Leftover pumpkins and gourds,No Block,Beds 1",60.0,in,3,0.0,,,,,11,3055,seeds/lb,0.00,lbs,0.00,,,,,,,,,,,Pounds,3.000 lb/row ft,$2.00/lb,165.0 Pounds,$330.00,$6.00/row ft.,Annual,,,,,,,,,
Vegetables,Cucurbitaceae,Pumpkins,Specialty,Casper | PUM-CASPR,Direct Sow,,,,,,,,,,06/28/2020,77,28,09/13/2020,10/11/2020,18 plants,"The Back Field,Leftover pumpkins and gourds,No Block,Beds 1",18.0,in,2,0.0,,,,,18,3055,seeds/lb,0.01,lbs,0.00,,,,,,,,,,,Pounds,3.000 lb/row ft,$2.00/lb,81.0 Pounds,$162.00,$6.00/row ft.,Annual,,,,,,,,,
Vegetables,Cucurbitaceae,Pumpkins,Medium,Flat Stacker | PUM-FLATS,Direct Sow,,,,,,,,,,06/28/2020,95,28,10/01/2020,10/29/2020,18 plants,"The Back Field,Leftover pumpkins and gourds,No Block,Beds 1",42.0,in,3,0.0,,,,,18,3055,seeds/lb,0.01,lbs,0.00,,,,,,,,,,,Pounds,3.000 lb/row ft,$2.00/lb,189.0 Pounds,$378.00,$6.00/row ft.,Annual,,,,,,,,,
Flowers,Ranunculaceae,Ranunculus,Ranunculus,Bridal Mix | RAN-BRIMX,Direct Sow,,,,,,,,,,04/19/2020,47,14,06/05/2020,06/19/2020,20 bed ft.,"The Back Field,MCB,Block FLR,Beds 1",8.0,in,5,0.0,,,,,150,0,,0.00,,0.00,,,,,,,,,,,Stems,8.000 st/pl,$12.00/bn,"1,200.0 Stems","$1,440.00",$14.40/plant,Annual,,,,,,,,,
Flowers,Ranunculaceae,Ranunculus,Ranunculus,Purple/White | RAN-PURWH,Direct Sow,,,,,,,,,,04/19/2020,47,14,06/05/2020,06/19/2020,15 bed ft.,"The Back Field,MCB,Block FLR,Beds 1",8.0,in,5,0.0,,,,,113,0,,0.00,,0.00,,,,,,,,,,,Stems,8.000 st/pl,$12.00/bn,900.0 Stems,"$1,080.00",$14.40/plant,Annual,,,,,,,,,
Flowers,Ranunculaceae,Ranunculus,Ranunculus,Violet | RAN-VIOLE,Direct Sow,,,,,,,,,,04/19/2020,47,14,06/05/2020,06/19/2020,5 bed ft.,"The Back Field,MCB,Block FLR,Beds 1",8.0,in,5,0.0,,,,,38,0,,0.00,,0.00,,,,,,,,,,,Stems,8.000 st/pl,$12.00/bn,300.0 Stems,$360.00,$14.40/plant,Annual,,,,,,,,,
Flowers,Ranunculaceae,Ranunculus,Ranunculus,Pink/ White | RAN-PINWI,Direct Sow,,,,,,,,,,04/19/2020,47,14,06/05/2020,06/19/2020,12 bed ft.,"The Back Field,MCB,Block FLR,Beds 1",8.0,in,5,0.0,,,,,90,0,,0.00,,0.00,,,,,,,,,,,Stems,8.000 st/pl,$12.00/bn,720.0 Stems,$864.00,$14.40/plant,Annual,,,,,,,,,
Flowers,Ranunculaceae,Ranunculus,Ranunculus,Romantic Mix | RAN-ROMMX,Direct Sow,,,,,,,,,,04/19/2020,47,14,06/05/2020,06/19/2020,10 bed ft.,"The Back Field,MCB,Block FLR,Beds 1",8.0,in,5,0.0,,,,,75,0,,0.00,,0.00,,,,,,,,,,,Stems,8.000 st/pl,$12.00/bn,600.0 Stems,$720.00,$14.40/plant,Annual,,,,,,,,,
Flowers,Ranunculaceae,Ranunculus,Ranunculus,White | RAN-WHITE,Direct Sow,,,,,,,,,,04/19/2020,47,14,06/05/2020,06/19/2020,10 bed ft.,"The Back Field,MCB,Block FLR,Beds 1",8.0,in,5,0.0,,,,,75,0,,0.00,,0.00,,,,,,,,,,,Stems,8.000 st/pl,$12.00/bn,600.0 Stems,$720.00,$14.40/plant,Annual,,,,,,,,,
Flowers,Ranunculaceae,Ranunculus,Ranunculus,Red | RAN-REDXX,Direct Sow,,,,,,,,,,04/19/2020,47,14,06/05/2020,06/19/2020,8 bed ft.,"The Back Field,MCB,Block FLR,Beds 1",8.0,in,5,0.0,,,,,60,0,,0.00,,0.00,,,,,,,,,,,Stems,8.000 st/pl,$12.00/bn,480.0 Stems,$576.00,$14.40/plant,Annual,,,,,,,,,
Flowers,Asteraceae,Rudbeckia (Black-Eyed Susan),Rudbeckia (Black-Eyed Susan),Cherry Brandy | RUD-CHEBR,Greenhouse Sow,,02/15/2020,,,,,,,,05/03/2020,64,59,07/06/2020,09/03/2020,33 plants,"The Back Field,MCB,Block FLR,Beds 2",9.0,in,5,0.5,72 cell flats,1,6,35.3,36,53200,seeds/oz,0.00,oz,0.00,,,,,,,,,,,Stems,30.000 st/row ft,$7.00/bn,742.5 Stems,$519.75,$20.96/row ft.,Annual,,,,,,,,,
Flowers,Asteraceae,Rudbeckia (Black-Eyed Susan),Rudbeckia (Black-Eyed Susan),Chim Chiminee Mix | RUD-CHIMX,Greenhouse Sow,,02/15/2020,,,,,,,,05/03/2020,64,59,07/06/2020,09/03/2020,36 plants,"The Back Field,MCB,Block FLR,Beds 2",9.0,in,5,0.5,72 cell flats,1,5,35,36,53200,seeds/oz,0.00,oz,0.00,,,,,,,,,,,Stems,30.000 st/row ft,$7.00/bn,810.0 Stems,$567.00,$21.00/row ft.,Annual,,,,,,,,,
Flowers,Asteraceae,Rudbeckia (Black-Eyed Susan),Rudbeckia (Black-Eyed Susan),Denver Daisy | RUD-DENDA,Greenhouse Sow,,02/15/2020,,,,,,,,05/03/2020,50,58,06/22/2020,08/19/2020,57 plants,"The Back Field,MCB,Block FLR,Beds 2",9.0,in,5,0.5,72 cell flats,1,5,35,36,53200,seeds/oz,0.00,oz,0.00,,,,,,,,,,,Stems,30.000 st/row ft,$7.00/bn,"1,282.5 Stems",$897.75,$20.98/row ft.,Annual,,,,,,,,,
Flowers,Asteraceae,Rudbeckia (Black-Eyed Susan),Rudbeckia (Black-Eyed Susan),Praire Sun | RUD-PRASN,Greenhouse Sow,,02/15/2020,,,,,,,,05/03/2020,58,58,06/30/2020,08/27/2020,49 plants,"The Back Field,MCB,Block FLR,Beds 2",9.0,in,5,0.5,72 cell flats,1,5,35,36,53200,seeds/oz,0.00,oz,0.00,,,,,,,,,,,Stems,30.000 st/row ft,$7.00/bn,"1,102.5 Stems",$771.75,$20.97/row ft.,Annual,,,,,,,,,
Flowers,Asteraceae,Rudbeckia (Black-Eyed Susan),Rudbeckia (Black-Eyed Susan),Sahara | RUD-SAHAR,Greenhouse Sow,,02/15/2020,,,,,,,,05/03/2020,64,59,07/06/2020,09/03/2020,48 plants,"The Back Field,MCB,Block FLR,Beds 2",9.0,in,5,1.0,72 cell flats,1,5,70,72,53200,seeds/oz,0.00,oz,0.00,,,,,,,,,,,Stems,30.000 st/pl,$7.00/bn,"1,440.0 Stems","$1,008.00",$28.00/plant,Annual,,,,,,,,,
Flowers,Asteraceae,Rudbeckia (Black-Eyed Susan),Rudbeckia (Black-Eyed Susan),Macau | RUD-MACAU,Greenhouse Sow,,02/15/2020,,,,,,,,05/03/2020,64,58,07/06/2020,09/02/2020,3 plants,"The Back Field,MCB,Block FLR,Beds 2",9.0,in,5,0.6,72 cell flats,1,5,42,43,53200,seeds/oz,0.00,oz,0.00,,,,,,,,,,,Stems,0.000 /row ft,$0.00/st,0.0 ,$0.00,$0.00/row ft.,Annual,,,,,,,,,
Flowers,Dipsacaceae,Scabiosa (Pincushion Flower),Annual,Fata Morgana | SCA-FATAM,Greenhouse Sow,,03/22/2020,,,,,,,,05/13/2020,72,56,07/24/2020,09/18/2020,39 plants,"The Back Field,MCB,Block FLR,Beds 7",9.0,in,5,0.97,72 cell flats,2,5,70,140,4300,seeds/oz,0.03,oz,0.00,,,,,,,,,,,Stems,10.000 st/pl,$7.00/bn,390.0 Stems,$273.00,$9.35/plant,Annual,,,,,,,,,
Flowers,Dipsacaceae,Scabiosa (Pincushion Flower),Annual,Snowmaiden | SCA-SNOWM,Greenhouse Sow,,03/22/2020,,,,,,,,05/13/2020,72,56,07/24/2020,09/18/2020,60 plants,"The Back Field,MCB,Block FLR,Beds 7",9.0,in,5,0.97,72 cell flats,2,5,70,140,4300,seeds/oz,0.03,oz,0.00,,,,,,,,,,,Stems,10.000 st/pl,$7.00/bn,600.0 Stems,$420.00,$9.33/plant,Annual,,,,,,,,,
Flowers,Brassicaceae,Stock,Stock,Avalanche Supreme | STO-AVASU,Greenhouse Sow,,03/14/2020,,,,,,,,05/13/2020,78,56,07/30/2020,09/24/2020,63 plants,"The Back Field,MCB,Block FLR,Beds 7",9.0,in,5,0.97,72 cell flats,2,5,70,140,16855,seeds/oz,0.01,oz,0.00,,,,,,,,,,,Stems,4.000 st/pl,$9.50/bn,252.0 Stems,$239.40,$5.07/plant,Annual,,,,,,,,,
Flowers,Brassicaceae,Stock,Stock,Katz Formula Mix | STO-KATMX,Greenhouse Sow,,03/14/2020,,,,,,,,05/13/2020,78,56,07/30/2020,09/24/2020,63 plants,"The Back Field,MCB,Block FLR,Beds 7",9.0,in,5,0.97,72 cell flats,2,5,70,140,16855,seeds/oz,0.01,oz,0.00,,,,,,,,,,,Stems,4.000 st/pl,$9.50/bn,252.0 Stems,$239.40,$5.07/plant,Annual,,,,,,,,,
Flowers,Asteraceae,Sunflower,Single Stem,Autumn Beauty Mix | SUN-AUTBX,Direct Sow,Full-Size,,,,,,,,,05/16/2020,75,56,07/30/2020,09/24/2020,200 bed ft.,"The Back Field,Sunflower Fields,No Block,Beds 1",21.0,in,11,0.0,,,,,1257,15860,seeds/oz,0.08,oz,0.00,,,,,,,,,,,Stems,1.000 st/pl,$3.00/st,"1,257.1 Stems","$3,771.42",$1.71/plant,Annual,,,,,,,,,
Flowers,Asteraceae,Sunflower,Single Stem,Autumn Beauty Mix | SUN-AUTBX,Direct Sow,Full-Size,,,,,,,,,06/06/2020,75,56,08/20/2020,10/15/2020,200 bed ft.,"The Back Field,Sunflower Fields,No Block,Beds 2",21.0,in,11,0.0,,,,,1257,15860,seeds/oz,0.08,oz,0.00,,,,,,,,,,,Stems,1.000 st/pl,$3.00/st,"1,257.1 Stems","$3,771.42",$1.71/plant,Annual,,,,,,,,,
Flowers,Asteraceae,Sunflower,Single Stem,Autumn Beauty Mix | SUN-AUTBX,Direct Sow,Full-Size,,,,,,,,,06/15/2020,75,56,08/29/2020,10/24/2020,200 bed ft.,"The Back Field,Sunflower Fields,No Block,Beds 3",21.0,in,11,0.0,,,,,1257,15860,seeds/oz,0.08,oz,0.00,,,,,,,,,,,Stems,1.000 st/pl,$3.00/st,"1,257.1 Stems","$3,771.42",$1.71/plant,Annual,,,,,,,,,
Flowers,Talinaceae,Talinum (fame flower),Talinum (fame flower),Jewels of Opar | TAL-JEWOO,Greenhouse Sow,,02/17/2020,,,,,,,,05/06/2020,100,90,08/14/2020,11/12/2020,212 plants,"The Back Field,MCB,Block GRN,Beds 8",12.0,in,4,1.75,72 cell flats,2,5,126,252,0,,0.00,,0.00,,,,,,,,,,,Stems,10.000 st/pl,$8.00/bn,"2,120.0 Stems","$1,696.00",$8.00/plant,Annual,,,,,filler,,,,
Flowers,Asteraceae,Zinnias,Zinnias,Lilliput Salmon | ZIN-LILSA,Greenhouse Sow,,03/30/2020,,,,,,,,05/17/2020,62,63,07/18/2020,09/19/2020,107 plants,"The Back Field,MCB,Block FLR,Beds 6",9.0,in,5,0.97,72 cell flats,2,5,70,140,3200,seeds/oz,0.04,oz,0.00,,,,,,,,,,,Stems,9.000 st/pl,$7.00/bn,963.0 Stems,$674.10,$8.41/plant,Annual,,,,,,,,,
Flowers,Asteraceae,Zinnias,Zinnias,Senora | ZIN-SENOR,Greenhouse Sow,,03/30/2020,,,,,,,,05/17/2020,62,63,07/18/2020,09/19/2020,127 plants,"The Back Field,MCB,Block FLR,Beds 6",9.0,in,5,0.97,72 cell flats,2,5,70,140,3200,seeds/oz,0.04,oz,0.00,,,,,,,,,,,Stems,9.000 st/pl,$7.00/bn,"1,143.0 Stems",$800.10,$8.40/plant,Annual,,,,,,,,,
Flowers,Asteraceae,Zinnias,Zinnias,Mystery | ZIN-MYSTY,Greenhouse Sow,,03/30/2020,,,,,,,,05/17/2020,62,63,07/18/2020,09/19/2020,122 plants,"The Back Field,MCB,Block FLR,Beds 6",9.0,in,5,1.78,72 cell flats,2,5,128.1,256,3200,seeds/oz,0.08,oz,0.00,,,,,,,,,,,Stems,9.000 st/pl,$7.00/bn,"1,098.0 Stems",$768.60,$8.40/plant,Annual,,,,,,,,,
Flowers,Asteraceae,Zinnias,Zinnias,Lilliput Mix | ZIN-LILMX,Greenhouse Sow,,03/31/2020,,,,,,,,05/23/2020,62,63,07/24/2020,09/25/2020,240 plants,"The Back Field,MCB,Block FLR,Beds 7",9.0,in,5,0.97,72 cell flats,2,5,70,140,3200,seeds/oz,0.04,oz,0.00,,,,,,,,,,,Stems,9.000 st/pl,$7.00/bn,"2,160.0 Stems","$1,512.00",$8.40/plant,Annual,,,,,,,,,
Flowers,Asteraceae,Zinnias,Zinnias,Giant Salmon Rose | ZIN-GIASR,Greenhouse Sow,,04/14/2020,,,,,,,,05/17/2020,62,63,07/18/2020,09/19/2020,115 plants,"The Back Field,MCB,Block FLR,Beds 6",9.0,in,5,0.97,72 cell flats,2,5,70,140,3200,seeds/oz,0.04,oz,0.00,,,,,,,,,,,Stems,10.000 st/pl,$8.00/bn,"1,150.0 Stems",$920.00,$10.67/plant,Annual,,,,,,,,,
Flowers,Asteraceae,Zinnias,Zinnias,Queen Lime Blush | ZIN-QUELB,Greenhouse Sow,,05/20/2020,,,,,,,,06/06/2020,62,63,08/07/2020,10/09/2020,533 plants,"The Back Field,MCB,Block FLR,Beds 4",9.0,in,5,0.97,72 cell flats,2,5,70,140,3200,seeds/oz,0.04,oz,0.00,,,,,,,,,,,Stems,8.000 st/pl,$7.00/bn,"4,264.0 Stems","$2,984.80",$7.47/plant,Annual,,,,,,,,,
