Date,Creator,Note,Plantings,Location
05/26/2020,Tony Gilkerson,foliage,Amaranthus in MCB,
05/26/2020,Tony Gilkerson,filler,Ammi (False Queen Anne's Lace) in MCB,
05/18/2020,Tony Gilkerson,foliage,,
05/18/2020,Tony Gilkerson,foliage,Amaranthus in Situation,
05/18/2020,Tony Gilkerson,foliage,,
05/18/2020,Tony Gilkerson,foliage,Amaranthus in MCB,
05/18/2020,Tony Gilkerson,filler,Ammi (False Queen Anne's Lace) in MCB,
05/18/2020,Tony Gilkerson,filler,Ammi (False Queen Anne's Lace) in MCB,
05/18/2020,Tony Gilkerson,foliage,Basil in Situation,
05/18/2020,Tony Gilkerson,foliage,,
05/18/2020,Tony Gilkerson,filler,Cress in Situation,
05/18/2020,Tony Gilkerson,filler,,
05/18/2020,Tony Gilkerson,filler,Gypsophila (Baby's Breath) in Situation,
05/18/2020,Tony Gilkerson,filler,,
05/18/2020,Tony Gilkerson,foliage,Dusty Miller in MCB,
05/18/2020,Tony Gilkerson,foliage,Ornamental Grasses in MCB,
05/18/2020,Tony Gilkerson,foliage,Ornamental Grasses in MCB,
05/18/2020,Tony Gilkerson,filler,,
05/18/2020,Tony Gilkerson,filler,,
05/18/2020,Tony Gilkerson,test,,
05/15/2020,Tony Gilkerson,foliage,,
05/15/2020,Tony Gilkerson,foliage,,
05/13/2020,Tony Gilkerson,filler,Ammi (False Queen Anne's Lace) in MCB,
05/13/2020,Tony Gilkerson,filler,Ammi (False Queen Anne's Lace) in MCB,
05/13/2020,Tony Gilkerson,foliage,Ornamental Grasses in MCB,
05/12/2020,Tony Gilkerson,foliage,Ornamental Grasses in MCB,
05/06/2020,Tony Gilkerson,foliage,Ornamental Grasses in MCB,
05/06/2020,Tony Gilkerson,foliage,Dusty Miller in MCB,
05/06/2020,Tony Gilkerson,filler,Talinum (fame flower) in MCB,
05/05/2020,Tony Gilkerson,foliage,Dusty Miller in MCB,
05/05/2020,Tony Gilkerson,foliage,Ornamental Grasses in MCB,
04/30/2020,Tony Gilkerson,foliage,Ornamental Grasses in MCB,
04/30/2020,Tony Gilkerson,filler,Ammi (False Queen Anne's Lace) in MCB,
04/30/2020,Tony Gilkerson,foliage,Dusty Miller in MCB,
04/26/2020,Tony Gilkerson,foliage,Dusty Miller in MCB,
