"Product ID [Non Editable]","Variant ID [Non Editable]","Product Type [Non Editable]","Product Page","Product URL","Title","Description","SKU","Option Name 1","Option Value 1","Option Name 2","Option Value 2","Option Name 3","Option Value 3","Price","Sale Price","On Sale","Stock","Categories","Tags","Weight","Length","Width","Height","Visible","Hosted Image URLs"
"5ec9f8fa6db96c35c65bea4f","447b48b6-7a0d-4d2a-af19-cf1a5a8919cb","PHYSICAL","shop","ama-gretl","Amaranth - Green Tails","<p>Amaranth - Green Tails  | AMA-GRETL <br><hr><b>Forecast:</b><br>This week: 2 Bunches / Next week: 2 Bunches / Future: 2 Bunches<br> 10 stems per bunch<br></p>","AMA-GRETL","","","","","","","10.00","0.00","No","8","","","0.0","0.0","0.0","0.0","No","https://static1.squarespace.com/static/5e5f1040454b0c706b3eafe0/5e5f15b7a529995b94e386a7/5f0891f0bbb7fb12335f43fd/1594397182049/IMG_0797.JPEG https://static1.squarespace.com/static/5e5f1040454b0c706b3eafe0/5e5f15b7a529995b94e386a7/5f0891efc33ad96b1c76ac3e/1594397175640/IMG_0817.JPEG https://static1.squarespace.com/static/5e5f1040454b0c706b3eafe0/5e5f15b7a529995b94e386a7/5f0891f4c4fdba5c7bd424bf/1594397181453/IMG_0818.JPEG"
"5ec9f8fb6db96c35c65bea8c","d504deb2-9242-4b2a-9005-431e597fa003","PHYSICAL","shop","ama-hotbc","Amaranth - Hot Biscuits","<p>Amaranth - Hot Biscuits  | AMA-HOTBC <br><hr><b>Forecast:</b><br>This week: null / Next week: null / Future: null<br> 10 stems per bunch<br></p>","AMA-HOTBC","","","","","","","15.00","0.00","No","0","","","0.0","0.0","0.0","0.0","No","https://static1.squarespace.com/static/5e5f1040454b0c706b3eafe0/5e5f15b7a529995b94e386a7/5ec9fb888e07a301b0070da4/1590295435032/comming-soon.png"
"5ec9f8fb6db96c35c65beaa5","41eb6b77-adff-47b2-93b3-c05e4de67206","PHYSICAL","shop","amm-chocl","Ammi (False Queen Anne's Lace) - Chocolate Lace","<p>Ammi (False Queen Anne's Lace) - Chocolate Lace  | AMM-CHOCL <br><hr><b>Forecast:</b><br>This week: 5 Bunches / Next week: 5 Bunches / Future: 5 Bunches<br> 10 stems per bunch<br></p>","AMM-CHOCL","","","","","","","8.00","0.00","No","8","Ammi","","0.0","0.0","0.0","0.0","Yes","https://static1.squarespace.com/static/5e5f1040454b0c706b3eafe0/5e5f15b7a529995b94e386a7/5f07db135f05a81dcf2b828c/1596129372436/IMG_1130.JPEG https://static1.squarespace.com/static/5e5f1040454b0c706b3eafe0/5e5f15b7a529995b94e386a7/5f07dbc57e80874ee3924240/1596129456534/IMG_1129.JPEG https://static1.squarespace.com/static/5e5f1040454b0c706b3eafe0/5e5f15b7a529995b94e386a7/5f2300b8cf623210c89b75a4/1596129473753/IMG_1731.JPEG"
"5ec9f8fc6db96c35c65beaee","09411ba1-c508-4ebc-a1e2-4447deb35d5d","PHYSICAL","shop","amm-grenm","Ammi (False Queen Anne's Lace) - Green Mist","<p>Ammi (False Queen Anne's Lace) - Green Mist  | AMM-GRENM <br><hr><b>Forecast:</b><br>This week: 5 Bunches / Next week: 5 Bunches / Future: 5 Bunches<br> 10 stems per bunch<br></p>","AMM-GRENM","","","","","","","8.00","0.00","No","12","Ammi","","0.0","0.0","0.0","0.0","Yes","https://static1.squarespace.com/static/5e5f1040454b0c706b3eafe0/5e5f15b7a529995b94e386a7/5f2300def973f30d9bfddc0f/1596129512879/IMG_1819.JPEG https://static1.squarespace.com/static/5e5f1040454b0c706b3eafe0/5e5f15b7a529995b94e386a7/5f07d994f9ea237b875fa32b/1596129950469/greenmist.jpg https://static1.squarespace.com/static/5e5f1040454b0c706b3eafe0/5e5f15b7a529995b94e386a7/5f07d9a0c121d131615f4dca/1596129950475/01758_02_green_mist.jpg"
"5ec9f8fd6db96c35c65beb0c","6fcf6cd3-ad7e-4ea1-88f8-224aa3189088","PHYSICAL","shop","ane-bluwm","Anemone - Blue White Mix","<p>Anemone - Blue White Mix  | ANE-BLUWM <br><hr><b>Forecast:</b><br>This week: null / Next week: null / Future: null<br> 10 stems per bunch<br></p>","ANE-BLUWM","","","","","","","12.00","0.00","No","0","Anemone","","0.0","0.0","0.0","0.0","No","https://static1.squarespace.com/static/5e5f1040454b0c706b3eafe0/5e5f15b7a529995b94e386a7/5ec9f8fd6db96c35c65beb0d/1590294785984/comming-soon.png"
"5ec9f8ff6db96c35c65bebc1","99da69ff-0f6f-4188-90ed-f2704b3e02cc","PHYSICAL","shop","ast-aprsm","Asters - Apricot Swirl Mix","<p>Asters - Apricot Swirl Mix  | AST-APRSM <br><hr><b>Forecast:</b><br>This week: null / Next week: 2 Bunches / Future: 3 Bunches<br> 10 stems per bunch<br></p>","AST-APRSM","","","","","","","8.00","0.00","No","0","Aster","","0.0","0.0","0.0","0.0","No","https://static1.squarespace.com/static/5e5f1040454b0c706b3eafe0/5e5f15b7a529995b94e386a7/5ec9f8ff6db96c35c65bebc3/1590294785891/comming-soon.png"
"5ec9f8ff6db96c35c65bebff","28bc57c2-7fbd-4bf8-8a14-a1dd4399a18f","PHYSICAL","shop","ast-chapr","Asters - Chamois Apricot","<p>Asters - Chamois Apricot  | AST-CHAPR <br><hr><b>Forecast:</b><br>This week: null / Next week: 2 Bunches / Future: 3 Bunches<br> 10 stems per bunch<br></p>","AST-CHAPR","","","","","","","8.00","0.00","No","0","Aster","","0.0","0.0","0.0","0.0","No","https://static1.squarespace.com/static/5e5f1040454b0c706b3eafe0/5e5f15b7a529995b94e386a7/5ec9f8ff6db96c35c65bec00/1590294786575/comming-soon.png"
"5ec9f9006db96c35c65bec2a","8c18b935-9015-4d3b-aaf9-c79354be9356","PHYSICAL","shop","ast-harvi","Asters - Harlekin Violet","<p>Asters - Harlekin Violet  | AST-HARVI <br><hr><b>Forecast:</b><br>This week: null / Next week: null / Future: null<br> 10 stems per bunch<br></p>","AST-HARVI","","","","","","","8.00","0.00","No","2","Aster","","0.0","0.0","0.0","0.0","Yes","https://static1.squarespace.com/static/5e5f1040454b0c706b3eafe0/5e5f15b7a529995b94e386a7/5f288954487e9f6a47683467/1596492119497/aster-chinski-pomponowy-fioletowy.jpg"
"5ec9f9006db96c35c65bec41","e684f777-10fc-43e8-9a1d-af253d3106b9","PHYSICAL","shop","ast-valpk","Asters - Valkyrie Pink","<p>Asters - Valkyrie Pink  | AST-VALPK <br><hr><b>Forecast:</b><br>This week: -- / Next week: 2 Bunches / Future: 3 Bunches<br> 10 stems per bunch<br></p>","AST-VALPK","","","","","","","8.00","0.00","No","0","Aster","","0.0","0.0","0.0","0.0","No","https://static1.squarespace.com/static/5e5f1040454b0c706b3eafe0/5e5f15b7a529995b94e386a7/5ec9f9006db96c35c65bec42/1590294787324/comming-soon.png"
"5ec9f9026db96c35c65becec","74524e4a-2254-4aa0-9e2e-d2141fa66c18","PHYSICAL","shop","cel-cocrf","Celosia - Coral Reef","<p>Celosia - Coral Reef  | CEL-COCRF <br><hr><b>Forecast:</b><br>This week: 8 Bunches / Next week: 8 Bunches / Future: 8 Bunches<br> 10 stems per bunch<br></p>","CEL-COCRF","","","","","","","8.00","0.00","No","15","Celosia","","0.0","0.0","0.0","0.0","Yes","https://static1.squarespace.com/static/5e5f1040454b0c706b3eafe0/5e5f15b7a529995b94e386a7/5f07dc25ed80fa4741aadd06/1594351353543/IMG_1110.JPEG https://static1.squarespace.com/static/5e5f1040454b0c706b3eafe0/5e5f15b7a529995b94e386a7/5f07dc25ca644a4180553eb9/1594351353557/IMG_1113.JPEG"
"5ec9f9036db96c35c65bed01","6b76d939-8eab-493a-95e4-393da1cf2c6b","PHYSICAL","shop","cel-pampl","Celosia - Pampas Plume","<p>Celosia - Pampas Plume  | CEL-PAMPL <br><hr><b>Forecast:</b><br>This week: 13 Bunches / Next week: 13 Bunches / Future: 13 Bunches<br> 10 stems per bunch<br></p>","CEL-PAMPL","","","","","","","8.00","0.00","No","12","Celosia","","0.0","0.0","0.0","0.0","Yes","https://static1.squarespace.com/static/5e5f1040454b0c706b3eafe0/5e5f15b7a529995b94e386a7/5f23020cab416503f65f82ff/1596129813008/IMG_1106.JPEG https://static1.squarespace.com/static/5e5f1040454b0c706b3eafe0/5e5f15b7a529995b94e386a7/5f2302121df6b02a15a1c9f8/1596129816283/IMG_1105.JPEG https://static1.squarespace.com/static/5e5f1040454b0c706b3eafe0/5e5f15b7a529995b94e386a7/5f23021f8fb7ee119dd93a70/1596129832343/IMG_1419.JPEG"
"5ec9f9036db96c35c65bed18","88bfd21a-4067-45fb-8704-460b1ad31c31","PHYSICAL","shop","cel-texss","Celosia - Texas Plume SumShr","<p>Celosia - Texas Plume SumShr  | CEL-TEXSS <br><hr><b>Forecast:</b><br>This week: 13 Bunches / Next week: 13 Bunches / Future: 13 Bunches<br> 10 stems per bunch<br></p>","CEL-TEXSS","","","","","","","8.00","0.00","No","12","Celosia","","0.0","0.0","0.0","0.0","Yes","https://static1.squarespace.com/static/5e5f1040454b0c706b3eafe0/5e5f15b7a529995b94e386a7/5f230246632ec75014e93a86/1596129869744/IMG_1108.JPEG https://static1.squarespace.com/static/5e5f1040454b0c706b3eafe0/5e5f15b7a529995b94e386a7/5f2302595fe17a3fd31bc274/1596129895945/IMG_1427.JPEG https://static1.squarespace.com/static/5e5f1040454b0c706b3eafe0/5e5f15b7a529995b94e386a7/5f2302605fe17a3fd31bc316/1596129897028/IMG_1426.JPEG"
"5ec9f9036db96c35c65bed1f","7bb4b847-1d2c-4d7c-a350-af45e537a914","PHYSICAL","shop","cos-april","Cosmos - Apricot Lemonade","<p>Cosmos - Apricot Lemonade  | COS-APRIL <br><hr><b>Forecast:</b><br>This week: 1 Bunch / Next week: 2 Bunches / Future: 2 Bunches<br> 10 stems per bunch<br></p>","COS-APRIL","","","","","","","8.00","0.00","No","0","Cosmos","","0.0","0.0","0.0","0.0","No","https://static1.squarespace.com/static/5e5f1040454b0c706b3eafe0/5e5f15b7a529995b94e386a7/5ec9f9036db96c35c65bed20/1590294790116/comming-soon.png"
"5ec9f9046db96c35c65bed34","cea7bc51-6abc-49b7-9d05-d32baecc0dad","PHYSICAL","shop","cos-cupbl","Cosmos - Cupcake Blush","<p>Cosmos - Cupcake Blush  | COS-CUPBL <br><hr><b>Forecast:</b><br>This week: 1 Bunch / Next week: 2 Bunches / Future: 2 Bunches<br> 10 stems per bunch<br></p>","COS-CUPBL","","","","","","","8.00","0.00","No","3","Cosmos","","0.0","0.0","0.0","0.0","Yes","https://static1.squarespace.com/static/5e5f1040454b0c706b3eafe0/5e5f15b7a529995b94e386a7/5f31fd7ea5927e51157a70e8/1597111686052/IMG_2128.JPEG https://static1.squarespace.com/static/5e5f1040454b0c706b3eafe0/5e5f15b7a529995b94e386a7/5f31fd8480f3aa45df7235f5/1597111692914/IMG_2138.JPEG https://static1.squarespace.com/static/5e5f1040454b0c706b3eafe0/5e5f15b7a529995b94e386a7/5f31fd8aac15fc27e027a937/1597111697982/IMG_2139.JPEG"
"5ec9f9046db96c35c65bed5f","742f5583-5aaf-4ba9-9cbb-b058b11a7267","PHYSICAL","shop","cos-cupcw","Cosmos - Cupcake White","<p>Cosmos - Cupcake White  | COS-CUPCW <br><hr><b>Forecast:</b><br>This week: 1 Bunch / Next week: 2 Bunches / Future: 2 Bunches<br> 10 stems per bunch<br></p>","COS-CUPCW","","","","","","","8.00","0.00","No","3","Cosmos","","0.0","0.0","0.0","0.0","Yes","https://static1.squarespace.com/static/5e5f1040454b0c706b3eafe0/5e5f15b7a529995b94e386a7/5f31fd2eec1a8c6d00dbdd4b/1597111605020/IMG_2143.JPEG"
"5ec9f9056db96c35c65bed74","d860e9bc-0ad7-486a-9c24-8e2d143d0310","PHYSICAL","shop","cos-dblcc","Cosmos - Dbl Click Cberries","<p>Cosmos - Dbl Click Cberries  | COS-DBLCC <br><hr><b>Forecast:</b><br>This week: null / Next week: 1 Bunch / Future: 2 Bunches<br> 10 stems per bunch<br></p>","COS-DBLCC","","","","","","","8.00","0.00","No","0","Cosmos","","0.0","0.0","0.0","0.0","No","https://static1.squarespace.com/static/5e5f1040454b0c706b3eafe0/5e5f15b7a529995b94e386a7/5ec9f9056db96c35c65bed75/1590294792028/comming-soon.png"
"5ec9f9056db96c35c65bed8f","cbdf8cb4-a0a4-4daa-9a79-00a4dbd479c7","PHYSICAL","shop","cos-dblcm","Cosmos - Double Click Mix","<p>Cosmos - Double Click Mix  | COS-DBLCM <br><hr><b>Forecast:</b><br>This week: null / Next week: null / Future: null<br> 10 stems per bunch<br></p>","COS-DBLCM","","","","","","","8.00","0.00","No","0","Cosmos","","0.0","0.0","0.0","0.0","No","https://static1.squarespace.com/static/5e5f1040454b0c706b3eafe0/5e5f15b7a529995b94e386a7/5ec9f9056db96c35c65bed90/1590294792249/comming-soon.png"
"5ec9f9066db96c35c65beda9","d03fdd72-5cbe-4341-8b6a-4a0bafbb936c","PHYSICAL","shop","cos-dblcr","Cosmos - Dbl Click Bi Rose","<p>Cosmos - Dbl Click Bi Rose  | COS-DBLCR <br><hr><b>Forecast:</b><br>This week: null / Next week: null / Future: null<br> 10 stems per bunch<br></p>","COS-DBLCR","","","","","","","8.00","0.00","No","3","Cosmos","","0.0","0.0","0.0","0.0","No","https://static1.squarespace.com/static/5e5f1040454b0c706b3eafe0/5e5f15b7a529995b94e386a7/5f32034d11f8b537841775c7/1597113172017/IMG_2743.jpeg"
"5ec9f9066db96c35c65bedac","38a93b5c-f6d8-44d2-abf6-f1778de4123a","PHYSICAL","shop","cos-dblcs","Cosmos - Dbl Click Snow Puff","<p>Cosmos - Dbl Click Snow Puff | COS-DBLCS <br><hr><b>Forecast:</b><br>This week: null / Next week: null / Future: null<br> 10 stems per bunch<br></p>","COS-DBLCS","","","","","","","8.00","0.00","No","3","Cosmos","","0.0","0.0","0.0","0.0","Yes","https://static1.squarespace.com/static/5e5f1040454b0c706b3eafe0/5e5f15b7a529995b94e386a7/5f31fabcbec49413e0a4342c/1597110976142/dblclickwhite.jpg"
"5ec9f9066db96c35c65bedc0","f93cba94-3b91-463a-b4e4-36b6ca415d50","PHYSICAL","shop","cos-rudbn","Cosmos - Rubenza","<p>Cosmos - Rubenza  | COS-RUDBN <br><hr><b>Forecast:</b><br>This week: 5 Bunches / Next week: 5 Bunches / Future: 5 Bunches<br> 10 stems per bunch<br></p>","COS-RUDBN","","","","","","","8.00","0.00","No","8","Cosmos","","0.0","0.0","0.0","0.0","Yes","https://static1.squarespace.com/static/5e5f1040454b0c706b3eafe0/5e5f15b7a529995b94e386a7/5f22fe4e5415b9728ee930dd/1596128853159/IMG_1430.JPEG https://static1.squarespace.com/static/5e5f1040454b0c706b3eafe0/5e5f15b7a529995b94e386a7/5f22ff251df6b02a15a1435b/1596129072976/IMG_1923.jpeg https://static1.squarespace.com/static/5e5f1040454b0c706b3eafe0/5e5f15b7a529995b94e386a7/5f22ff2dcf623210c89b34d0/1596129075586/IMG_1547.jpeg https://static1.squarespace.com/static/5e5f1040454b0c706b3eafe0/5e5f15b7a529995b94e386a7/5f22ff325b6e622643bfecf7/1596129083512/IMG_1620.jpeg"
"5ec9f9076db96c35c65bedf0","24891d75-52ac-4d6e-a8b6-7e260cef9f78","PHYSICAL","shop","cos-seasm","Cosmos - Seashells Mix","<p>Cosmos - Seashells Mix  | COS-SEASM <br><hr><b>Forecast:</b><br>This week: 1 Bunch / Next week: 2 Bunches / Future: 2 Bunches<br> 10 stems per bunch<br></p>","COS-SEASM","","","","","","","8.00","0.00","No","5","Cosmos","","0.0","0.0","0.0","0.0","Yes","https://static1.squarespace.com/static/5e5f1040454b0c706b3eafe0/5e5f15b7a529995b94e386a7/5f32019ba74f5b519cb0f7be/1597112737819/IMG_2155.JPEG https://static1.squarespace.com/static/5e5f1040454b0c706b3eafe0/5e5f15b7a529995b94e386a7/5f3201b0a5927e51157b0e50/1597112758337/cosmos-seashell-49d0907d645358fc69bb2d9b6ae67fde.jpg"
"5ec9f9096db96c35c65bee4b","f3c199cf-c28a-4783-8f9a-b9c6ae7e9ac1","PHYSICAL","shop","dah-blasa","Dahlias - Black Satin","<p>Dahlias - Black Satin  | DAH-BLASA <br><hr><b>Forecast:</b><br>This week: null / Next week: null / Future: null<br> 10 stems per bunch<br></p>","DAH-BLASA","","","","","","","16.00","0.00","No","0","Dahlias","","0.0","0.0","0.0","0.0","No","https://static1.squarespace.com/static/5e5f1040454b0c706b3eafe0/5e5f15b7a529995b94e386a7/5ec9f9096db96c35c65bee4c/1590294795596/comming-soon.png"
"5ec9f9096db96c35c65bee76","c5690bea-f479-47cf-90a0-f47108984f73","PHYSICAL","shop","dah-boowh","Dahlias - BoomBoom White","<p>Dahlias - BoomBoom White  | DAH-BOOWH <br><hr><b>Forecast:</b><br>This week: null / Next week: null / Future: null<br> 10 stems per bunch<br></p>","DAH-BOOWH","","","","","","","20.00","0.00","No","0","Dahlias","","0.0","0.0","0.0","0.0","No","https://static1.squarespace.com/static/5e5f1040454b0c706b3eafe0/5e5f15b7a529995b94e386a7/5ec9f9096db96c35c65bee77/1590294797011/comming-soon.png"
"5ec9f90a6db96c35c65bee8c","3e7c6dba-25b1-4af0-804e-ef23a13ed5fc","PHYSICAL","shop","dah-cafea","Dahlias - Café Au Lait","<p>Dahlias - Café Au Lait  | DAH-CAFEA <br><hr><b>Forecast:</b><br>This week: null / Next week: null / Future: null<br> 10 stems per bunch<br></p>","DAH-CAFEA","","","","","","","5.00","0.00","No","0","Dahlias","","0.0","0.0","0.0","0.0","No","https://static1.squarespace.com/static/5e5f1040454b0c706b3eafe0/5e5f15b7a529995b94e386a7/5ec9f90a6db96c35c65bee8d/1590294796593/comming-soon.png"
"5ec9f90a6db96c35c65beeb7","6cae8bd3-37f1-43bd-b928-c53e4062f7ab","PHYSICAL","shop","dah-connc","Dahlias - Conn Coral","<p>Dahlias - Conn Coral  | DAH-CONNC <br><hr><b>Forecast:</b><br>This week: null / Next week: null / Future: null<br> 10 stems per bunch<br></p>","DAH-CONNC","","","","","","","20.00","0.00","No","0","Dahlias","","0.0","0.0","0.0","0.0","No","https://static1.squarespace.com/static/5e5f1040454b0c706b3eafe0/5e5f15b7a529995b94e386a7/5ec9f90a6db96c35c65beeb8/1590294796871/comming-soon.png"
"5ec9f90a6db96c35c65beecc","121a9044-29cd-4c02-a7ae-6ae902ad4c60","PHYSICAL","shop","dah-cornl","Dahlias - Cornel","<p>Dahlias - Cornel  | DAH-CORNL <br><hr><b>Forecast:</b><br>This week: null / Next week: null / Future: null<br> 10 stems per bunch<br></p>","DAH-CORNL","","","","","","","16.00","0.00","No","0","Dahlias","","0.0","0.0","0.0","0.0","No","https://static1.squarespace.com/static/5e5f1040454b0c706b3eafe0/5e5f15b7a529995b94e386a7/5ec9f90a6db96c35c65beecd/1590294797587/comming-soon.png"
"5ec9f90b6db96c35c65beef1","f244dc10-dfe8-43a1-8dcd-a5bb2f9463fc","PHYSICAL","shop","dah-dorth","Dahlias - Dorothy","<p>Dahlias - Dorothy  | DAH-DORTH <br><hr><b>Forecast:</b><br>This week: null / Next week: null / Future: null<br> 10 stems per bunch<br></p>","DAH-DORTH","","","","","","","16.00","0.00","No","0","Dahlias","","0.0","0.0","0.0","0.0","No","https://static1.squarespace.com/static/5e5f1040454b0c706b3eafe0/5e5f15b7a529995b94e386a7/5ec9f90b6db96c35c65beef2/1590294797895/comming-soon.png"
"5ec9f90b6db96c35c65bef30","cbaad258-076f-40f4-8fcb-8099c64e7d0e","PHYSICAL","shop","dah-eyeop","Dahlias - Eye Opener Blend","<p>Dahlias - Eye Opener Blend  | DAH-EYEOP <br><hr><b>Forecast:</b><br>This week: null / Next week: null / Future: null<br> 10 stems per bunch<br></p>","DAH-EYEOP","","","","","","","16.00","0.00","No","0","Dahlias","","0.0","0.0","0.0","0.0","No","https://static1.squarespace.com/static/5e5f1040454b0c706b3eafe0/5e5f15b7a529995b94e386a7/5ec9f90b6db96c35c65bef31/1590294798611/comming-soon.png"
"5ec9f90c6db96c35c65bef46","8f917a5e-58fd-483e-bae1-e49217f82c11","PHYSICAL","shop","dah-frakf","Dahlias - Franz Kafka","<p>Dahlias - Franz Kafka  | DAH-FRAKF <br><hr><b>Forecast:</b><br>This week: null / Next week: null / Future: null<br> 10 stems per bunch<br></p>","DAH-FRAKF","","","","","","","16.00","0.00","No","0","Dahlias","","0.0","0.0","0.0","0.0","No","https://static1.squarespace.com/static/5e5f1040454b0c706b3eafe0/5e5f15b7a529995b94e386a7/5ec9f90c6db96c35c65bef47/1590294798950/comming-soon.png"
"5ec9f90c6db96c35c65bef86","965bc8db-429b-45b4-8b41-b762b2bbbcda","PHYSICAL","shop","dah-giamx","Dahlias Seed Mix (Dahlia variabilis) - Giant Hybrid Mix","<p>Dahlias Seed Mix (Dahlia variabilis) - Giant Hybrid Mix  | DAH-GIAMX <br><hr><b>Forecast:</b><br>This week: null / Next week: null / Future: null<br> 10 stems per bunch<br></p>","DAH-GIAMX","","","","","","","20.00","0.00","No","0","Dahlias","","0.0","0.0","0.0","0.0","No","https://static1.squarespace.com/static/5e5f1040454b0c706b3eafe0/5e5f15b7a529995b94e386a7/5ec9f90c6db96c35c65bef87/1590294799532/comming-soon.png"
"5ec9f90d6db96c35c65bef9d","5f2588a1-326e-4170-a2c1-443286a0c89f","PHYSICAL","shop","dah-goldn","Dahlias - Golden Scepter","<p>Dahlias - Golden Scepter  | DAH-GOLDN <br><hr><b>Forecast:</b><br>This week: null / Next week: null / Future: null<br> 10 stems per bunch<br></p>","DAH-GOLDN","","","","","","","16.00","0.00","No","0","Dahlias","","0.0","0.0","0.0","0.0","No","https://static1.squarespace.com/static/5e5f1040454b0c706b3eafe0/5e5f15b7a529995b94e386a7/5ec9f90d6db96c35c65bef9e/1590294799697/comming-soon.png"
"5ec9f90d6db96c35c65befdb","82aac292-ea48-4e41-afa1-cd44d49c604e","PHYSICAL","shop","dah-hamgd","Dahlias - Hamari Gold","<p>Dahlias - Hamari Gold  | DAH-HAMGD <br><hr><b>Forecast:</b><br>This week: null / Next week: null / Future: null<br> 10 stems per bunch<br></p>","DAH-HAMGD","","","","","","","5.00","0.00","No","0","Dahlias","","0.0","0.0","0.0","0.0","No","https://static1.squarespace.com/static/5e5f1040454b0c706b3eafe0/5e5f15b7a529995b94e386a7/5ec9f90d6db96c35c65befdc/1590294800228/comming-soon.png"
"5ec9f90e6db96c35c65beff1","cdc4ca37-df97-44df-b51f-1b6149291a22","PHYSICAL","shop","dah-janry","Dahlias - Jan Ryecroft","<p>Dahlias - Jan Ryecroft  | DAH-JANRY <br><hr><b>Forecast:</b><br>This week: null / Next week: null / Future: null<br> 10 stems per bunch<br></p>","DAH-JANRY","","","","","","","16.00","0.00","No","0","Dahlias","","0.0","0.0","0.0","0.0","No","https://static1.squarespace.com/static/5e5f1040454b0c706b3eafe0/5e5f15b7a529995b94e386a7/5ec9f90e6db96c35c65beff2/1590294800772/comming-soon.png"
"5ec9f90e6db96c35c65bf028","7bbbb51c-c92d-4869-860a-d82f09e5c4b1","PHYSICAL","shop","dah-ladyn","Dahlias - Lady Natalie","<p>Dahlias - Lady Natalie  | DAH-LADYN <br><hr><b>Forecast:</b><br>This week: null / Next week: null / Future: null<br> 10 stems per bunch<br></p>","DAH-LADYN","","","","","","","16.00","0.00","No","0","Dahlias","","0.0","0.0","0.0","0.0","No","https://static1.squarespace.com/static/5e5f1040454b0c706b3eafe0/5e5f15b7a529995b94e386a7/5ec9f90e6db96c35c65bf029/1590294801425/comming-soon.png"
"5ec9f90f6db96c35c65bf052","355a1452-f9a5-4eff-b388-ac3d4bc08b51","PHYSICAL","shop","dah-lancr","Dahlias - Lancresse","<p>Dahlias - Lancresse  | DAH-LANCR <br><hr><b>Forecast:</b><br>This week: null / Next week: null / Future: null<br> 10 stems per bunch<br></p>","DAH-LANCR","","","","","","","20.00","0.00","No","0","Dahlias","","0.0","0.0","0.0","0.0","No","https://static1.squarespace.com/static/5e5f1040454b0c706b3eafe0/5e5f15b7a529995b94e386a7/5ec9f90f6db96c35c65bf053/1590294802004/comming-soon.png"
"5ec9f90f6db96c35c65bf069","771542a5-e30e-4ccc-ae87-5f62b8e1e19c","PHYSICAL","shop","dah-lucky","Dahlias - Lucky Number","<p>Dahlias - Lucky Number  | DAH-LUCKY <br><hr><b>Forecast:</b><br>This week: null / Next week: null / Future: null<br> 10 stems per bunch<br></p>","DAH-LUCKY","","","","","","","16.00","0.00","No","0","Dahlias","","0.0","0.0","0.0","0.0","No","https://static1.squarespace.com/static/5e5f1040454b0c706b3eafe0/5e5f15b7a529995b94e386a7/5ec9f90f6db96c35c65bf07e/1590294802331/comming-soon.png"
"5ec9f90f6db96c35c65bf0a7","fa3ab577-e123-4995-98b5-cb8bd65f539b","PHYSICAL","shop","dah-mystq","Dahlias - Mystique","<p>Dahlias - Mystique  | DAH-MYSTQ <br><hr><b>Forecast:</b><br>This week: null / Next week: null / Future: null<br> 10 stems per bunch<br></p>","DAH-MYSTQ","","","","","","","20.00","0.00","No","0","Dahlias","","0.0","0.0","0.0","0.0","No","https://static1.squarespace.com/static/5e5f1040454b0c706b3eafe0/5e5f15b7a529995b94e386a7/5ec9f90f6db96c35c65bf0a8/1590294802231/comming-soon.png"
"5ec9f9106db96c35c65bf0aa","59dedc74-5aa2-4510-8418-12e1d543fe63","PHYSICAL","shop","dah-noord","Dahlias - Noordwijks Glorie","<p>Dahlias - Noordwijks Glorie  | DAH-NOORD <br><hr><b>Forecast:</b><br>This week: null / Next week: null / Future: null<br> 10 stems per bunch<br></p>","DAH-NOORD","","","","","","","16.00","0.00","No","0","Dahlias","","0.0","0.0","0.0","0.0","No","https://static1.squarespace.com/static/5e5f1040454b0c706b3eafe0/5e5f15b7a529995b94e386a7/5ec9f9106db96c35c65bf0ab/1590294802640/comming-soon.png"
"5ec9f9106db96c35c65bf0d5","6ca14c4c-4315-47fe-818d-eb2b18a16114","PHYSICAL","shop","dah-ottos","Dahlias - Otto’s Thrill","<p>Dahlias - Otto’s Thrill  | DAH-OTTOS <br><hr><b>Forecast:</b><br>This week: null / Next week: null / Future: null<br> 10 stems per bunch<br></p>","DAH-OTTOS","","","","","","","0.00","0.00","No","0","Dahlias","","0.0","0.0","0.0","0.0","No","https://static1.squarespace.com/static/5e5f1040454b0c706b3eafe0/5e5f15b7a529995b94e386a7/5ec9f9106db96c35c65bf0ea/1590294803273/comming-soon.png"
"5ec9f9116db96c35c65bf0ff","14da2651-0ab8-410f-a74d-6668d1b95caa","PHYSICAL","shop","dah-peacr","Dahlias - Peaches n Cream","<p>Dahlias - Peaches n Cream  | DAH-PEACR <br><hr><b>Forecast:</b><br>This week: null / Next week: null / Future: null<br> 10 stems per bunch<br></p>","DAH-PEACR","","","","","","","20.00","0.00","No","0","Dahlias","","0.0","0.0","0.0","0.0","No","https://static1.squarespace.com/static/5e5f1040454b0c706b3eafe0/5e5f15b7a529995b94e386a7/5ec9f9116db96c35c65bf100/1590294806029/comming-soon.png"
"5ec9f9116db96c35c65bf129","721b53dd-2c78-45db-9970-6182554444ea","PHYSICAL","shop","dah-penhw","Dahlias - Penhill Watermelon","<p>Dahlias - Penhill Watermelon  | DAH-PENHW <br><hr><b>Forecast:</b><br>This week: null / Next week: null / Future: null<br> 10 stems per bunch<br></p>","DAH-PENHW","","","","","","","5.00","0.00","No","0","Dahlias","","0.0","0.0","0.0","0.0","No","https://static1.squarespace.com/static/5e5f1040454b0c706b3eafe0/5e5f15b7a529995b94e386a7/5ec9f9116db96c35c65bf12a/1590294803995/comming-soon.png"
"5ec9f9116db96c35c65bf154","a6bab49b-d451-469e-80d2-f70eb276020e","PHYSICAL","shop","dah-shiln","Dahlias - Shiloh Noelle","<p>Dahlias - Shiloh Noelle  | DAH-SHILN <br><hr><b>Forecast:</b><br>This week: null / Next week: null / Future: null<br> 10 stems per bunch<br></p>","DAH-SHILN","","","","","","","5.00","0.00","No","0","Dahlias","","0.0","0.0","0.0","0.0","No","https://static1.squarespace.com/static/5e5f1040454b0c706b3eafe0/5e5f15b7a529995b94e386a7/5ec9f9116db96c35c65bf155/1590294804550/comming-soon.png"
"5ec9f9126db96c35c65bf17f","c43f71a8-2796-40dc-a55c-3967310036ba","PHYSICAL","shop","dah-swetn","Dahlias - Sweet Nathalie","<p>Dahlias - Sweet Nathalie  | DAH-SWETN <br><hr><b>Forecast:</b><br>This week: null / Next week: null / Future: null<br> 10 stems per bunch<br></p>","DAH-SWETN","","","","","","","20.00","0.00","No","0","Dahlias","","0.0","0.0","0.0","0.0","No","https://static1.squarespace.com/static/5e5f1040454b0c706b3eafe0/5e5f15b7a529995b94e386a7/5ec9f9126db96c35c65bf180/1590294808030/comming-soon.png"
"5ec9f9126db96c35c65bf196","f1318b4a-5f62-48f1-9d80-729db1787eda","PHYSICAL","shop","dah-thoed","Dahlias - Thomas Edison","<p>Dahlias - Thomas Edison  | DAH-THOED <br><hr><b>Forecast:</b><br>This week: null / Next week: null / Future: null<br> 10 stems per bunch<br></p>","DAH-THOED","","","","","","","20.00","0.00","No","0","Dahlias","","0.0","0.0","0.0","0.0","No","https://static1.squarespace.com/static/5e5f1040454b0c706b3eafe0/5e5f15b7a529995b94e386a7/5ec9f9126db96c35c65bf197/1590294805227/comming-soon.png"
"5ec9f9136db96c35c65bf1c0","3f21695c-804f-47f4-b977-f7bf184f0239","PHYSICAL","shop","dah-wizoz","Dahlias - Wizard of Oz","<p>Dahlias - Wizard of Oz  | DAH-WIZOZ <br><hr><b>Forecast:</b><br>This week: null / Next week: null / Future: null<br> 10 stems per bunch<br></p>","DAH-WIZOZ","","","","","","","16.00","0.00","No","0","Dahlias","","0.0","0.0","0.0","0.0","No","https://static1.squarespace.com/static/5e5f1040454b0c706b3eafe0/5e5f15b7a529995b94e386a7/5ec9f9136db96c35c65bf1c1/1590294805777/comming-soon.png"
"5ec9f9136db96c35c65bf1df","9d5e5b55-6e63-4e39-b4af-fb19a611fafe","PHYSICAL","shop","dus-newlk","Dusty Miller - New Look","<p>Dusty Miller - New Look  | DUS-NEWLK <br><hr><b>Forecast:</b><br>This week: 3 Bunches / Next week: 3 Bunches / Future: 3 Bunches<br> 10 stems per bunch<br></p>","DUS-NEWLK","","","","","","","9.00","0.00","No","8","Dusty Miller","","0.0","0.0","0.0","0.0","Yes","https://static1.squarespace.com/static/5e5f1040454b0c706b3eafe0/5e5f15b7a529995b94e386a7/5ec9f9136db96c35c65bf1e1/1590294806243/comming-soon.png"
"5ec9f9146db96c35c65bf232","48e212b0-8943-4faf-ae37-9e8f6f957ee4","PHYSICAL","shop","euc-sildl","Eucalyptus - Silver Dollar","<p>Eucalyptus - Silver Dollar  | EUC-SILDL <br><hr><b>Forecast:</b><br>This week: null / Next week: null / Future: null<br> 10 stems per bunch<br></p>","EUC-SILDL","","","","","","","11.00","0.00","No","0","Eucalyptus","","0.0","0.0","0.0","0.0","No","https://static1.squarespace.com/static/5e5f1040454b0c706b3eafe0/5e5f15b7a529995b94e386a7/5ec9f9146db96c35c65bf233/1590294806680/comming-soon.png"
"5ec9f9156db96c35c65bf26d","afdc70d7-14fd-4ac5-b820-db1c5b83505f","PHYSICAL","shop","gom-pasmx","Gomphrena (Globe Amaranth) - Pastel Mix","<p>Gomphrena (Globe Amaranth) - Pastel Mix  | GOM-PASMX <br><hr><b>Forecast:</b><br>This week: 8 Bunches / Next week: 8 Bunches / Future: 8 Bunches<br> 10 stems per bunch<br></p>","GOM-PASMX","","","","","","","7.00","0.00","No","18","Gomphrena","","0.0","0.0","0.0","0.0","Yes","https://static1.squarespace.com/static/5e5f1040454b0c706b3eafe0/5e5f15b7a529995b94e386a7/5eee8cd24b64ad5a6585f79a/1596128099599/IMG_0159.JPG https://static1.squarespace.com/static/5e5f1040454b0c706b3eafe0/5e5f15b7a529995b94e386a7/5eee8cd20106b74183f305a3/1596128099606/IMG_0160g.jpg https://static1.squarespace.com/static/5e5f1040454b0c706b3eafe0/5e5f15b7a529995b94e386a7/5eee8cdc51dd591e6c6e51db/1596128099606/IMG_0161g.jpg"
"5ec9f9156db96c35c65bf299","f01d4167-6321-46eb-8d01-b0ab6ede7b1f","PHYSICAL","shop","gom-sunmx","Gomphrena (Globe Amaranth) - Sunset Mix","<p>Gomphrena (Globe Amaranth) - Sunset Mix  | GOM-SUNMX <br><hr><b>Forecast:</b><br>This week: 13 Bunches / Next week: 13 Bunches / Future: 8 Bunches<br> 10 stems per bunch<br></p>","GOM-SUNMX","","","","","","","7.00","0.00","No","20","Amaranth","","0.0","0.0","0.0","0.0","Yes","https://static1.squarespace.com/static/5e5f1040454b0c706b3eafe0/5e5f15b7a529995b94e386a7/5f07e2f47e80874ee3932b53/1594352379415/IMG_1048.JPEG https://static1.squarespace.com/static/5e5f1040454b0c706b3eafe0/5e5f15b7a529995b94e386a7/5eee8c7ee567c00ae65c99d9/1594352350989/IMG_0147.JPG https://static1.squarespace.com/static/5e5f1040454b0c706b3eafe0/5e5f15b7a529995b94e386a7/5eee8c6e645a193de9e6aa0b/1594352350836/IMG_0144.JPG https://static1.squarespace.com/static/5e5f1040454b0c706b3eafe0/5e5f15b7a529995b94e386a7/5eee8c6f681de65c1f8c01ed/1594352350827/IMG_0145.JPG"
"5ec9f9166db96c35c65bf2af","cdce75bb-66fa-49f5-9fab-2321510b2c83","PHYSICAL","shop","gom-white","Gomphrena (Globe Amaranth) - White","<p>Gomphrena (Globe Amaranth) - White  | GOM-WHITE <br><hr><b>Forecast:</b><br>This week: 8 Bunches / Next week: 8 Bunches / Future: 8 Bunches<br> 10 stems per bunch<br></p>","GOM-WHITE","","","","","","","7.00","0.00","No","20","Amaranth","","0.0","0.0","0.0","0.0","Yes","https://static1.squarespace.com/static/5e5f1040454b0c706b3eafe0/5e5f15b7a529995b94e386a7/5eee8d76e567c00ae65cad7e/1596128088293/IMG_0153g.jpg https://static1.squarespace.com/static/5e5f1040454b0c706b3eafe0/5e5f15b7a529995b94e386a7/5eee8d99681de65c1f8c1fde/1596128088303/IMG_0148g.jpg https://static1.squarespace.com/static/5e5f1040454b0c706b3eafe0/5e5f15b7a529995b94e386a7/5eee8d939f71275e583579b3/1596128088556/IMG_0149.JPG https://static1.squarespace.com/static/5e5f1040454b0c706b3eafe0/5e5f15b7a529995b94e386a7/5eee8d9a4316a35b95f17f37/1596128088304/IMG_0150.JPG"
"5ec9f9166db96c35c65bf2cb","36394b3c-bf15-4d18-8ea5-18f1deb58c27","PHYSICAL","shop","gou-ornmx","Gourd - Ornamental Mix","<p>Gourd - Ornamental Mix  | GOU-ORNMX <br><hr><b>Forecast:</b><br>This week: null / Next week: null / Future: null<br> 10 stems per bunch<br></p>","GOU-ORNMX","","","","","","","1.00","0.00","No","0","Gourds","","0.0","0.0","0.0","0.0","No","https://static1.squarespace.com/static/5e5f1040454b0c706b3eafe0/5e5f15b7a529995b94e386a7/5ec9f9166db96c35c65bf2cc/1590294809687/comming-soon.png"
"5ec9f9176db96c35c65bf30a","527073d3-4198-4391-bca0-87a980244997","PHYSICAL","shop","gyp-conve","Gypsophila (Baby's Breath) - Convent","<p>Gypsophila (Baby's Breath) - Convent  | GYP-CONVE <br><hr><b>Forecast:</b><br>This week: null / Next week: null / Future: null<br> 10 stems per bunch<br></p>","GYP-CONVE","","","","","","","9.00","0.00","No","0","Baby's Breath","","0.0","0.0","0.0","0.0","No","https://static1.squarespace.com/static/5e5f1040454b0c706b3eafe0/5e5f15b7a529995b94e386a7/5ec9f9176db96c35c65bf30b/1590294810138/comming-soon.png"
"5ec9f9196db96c35c65bf398","b965651a-c18c-4bfa-a194-0b24ef49b3fe","PHYSICAL","shop","mar-giayl","Marigold - Giant Yellow","<p>Marigold - Giant Yellow  | MAR-GIAYL <br><hr><b>Forecast:</b><br>This week: 1 Bunch / Next week: 3 Bunches / Future: 5 Bunches<br> 10 stems per bunch<br></p>","MAR-GIAYL","","","","","","","8.00","0.00","No","4","Marigold","","0.0","0.0","0.0","0.0","Yes","https://static1.squarespace.com/static/5e5f1040454b0c706b3eafe0/5e5f15b7a529995b94e386a7/5f22fb07b8b1ff2ae56f2164/1596128012658/IMG_1738.JPEG https://static1.squarespace.com/static/5e5f1040454b0c706b3eafe0/5e5f15b7a529995b94e386a7/5f31f4b87c27f05bb07e3f02/1597109439632/IMG_2925.JPEG"
"5ec9f91a6db96c35c65bf3f5","9dfb0537-c2cd-4fa7-8cf2-12e8bc96fc3a","PHYSICAL","shop","nic-applp","Nicandra Physalodes - Apple of Peru","<p>Nicandra Physalodes - Apple of Peru  | NIC-APPLP <br><hr><b>Forecast:</b><br>This week: 13 Bunches / Next week: 13 Bunches / Future: 13 Bunches<br> 10 stems per bunch<br></p>","NIC-APPLP","","","","","","","8.00","0.00","No","15","Nicandra Physalodes","","0.0","0.0","0.0","0.0","Yes","https://static1.squarespace.com/static/5e5f1040454b0c706b3eafe0/5e5f15b7a529995b94e386a7/5eee90035909f30dea89e04b/1596127971412/IMG_9503.JPG https://static1.squarespace.com/static/5e5f1040454b0c706b3eafe0/5e5f15b7a529995b94e386a7/5eee900d7250ac3a2cdc6047/1596127971419/IMG_9502.JPG https://static1.squarespace.com/static/5e5f1040454b0c706b3eafe0/5e5f15b7a529995b94e386a7/5eee900ee567c00ae65ce8f0/1596127971420/IMG_9505.JPG"
"5ec9f91b6db96c35c65bf3f7","22410f9e-91e8-4f28-8dc4-02226d4b8c90","PHYSICAL","shop","orl-whifn","Orlaya - White Finch","<p>Orlaya - White Finch  | ORL-WHIFN <br><hr><b>Forecast:</b><br>This week: 2 Bunches / Next week: 2 Bunches / Future: 2 Bunches<br> 5 stems per bunch<br></p>","ORL-WHIFN","","","","","","","4.00","0.00","No","0","Orlaya","","0.0","0.0","0.0","0.0","No","https://static1.squarespace.com/static/5e5f1040454b0c706b3eafe0/5e5f15b7a529995b94e386a7/5f07eae19155105c4e4641f4/1594354420753/IMG_0598.JPEG https://static1.squarespace.com/static/5e5f1040454b0c706b3eafe0/5e5f15b7a529995b94e386a7/5eee8f36645a193de9e6fb11/1594354390620/IMG_0154g.jpg https://static1.squarespace.com/static/5e5f1040454b0c706b3eafe0/5e5f15b7a529995b94e386a7/5eee8f3677518e10bf69b229/1594354390400/IMG_0155g.jpg https://static1.squarespace.com/static/5e5f1040454b0c706b3eafe0/5e5f15b7a529995b94e386a7/5eee8f3f0063ac270a5a51f4/1594354390404/IMG_0156g.jpg https://static1.squarespace.com/static/5e5f1040454b0c706b3eafe0/5e5f15b7a529995b94e386a7/5eee8f40b1bd8640bd8989e8/1594354390920/IMG_0157g.jpg"
"5ec9f91b6db96c35c65bf411","119cb5e3-0d67-4fc6-b8e2-1cb7dfd1b5ce","PHYSICAL","shop","orn-froex","Ornamental Grasses - Frosted Explosion","<p>Ornamental Grasses - Frosted Explosion  | ORN-FROEX <br><hr><b>Forecast:</b><br>This week: 13 Bunches / Next week: 13 Bunches / Future: 13 Bunches<br> 10 stems per bunch<br></p>","ORN-FROEX","","","","","","","8.00","0.00","No","20","Ornamental Grasses","","0.0","0.0","0.0","0.0","Yes","https://static1.squarespace.com/static/5e5f1040454b0c706b3eafe0/5e5f15b7a529995b94e386a7/5ef551d23696224f6e1e87c5/1596128492793/IMG_9506g.jpg https://static1.squarespace.com/static/5e5f1040454b0c706b3eafe0/5e5f15b7a529995b94e386a7/5ef551de23fd837c61ade9dc/1596128492815/IMG_9507g.jpg"
"5ec9f91c6db96c35c65bf427","f796a944-e6b7-44a8-942a-bff4430319e1","PHYSICAL","shop","pum-caspr","Pumpkin Mini - Casper","<p>Pumpkin Mini - Casper  | PUM-CASPR <br><hr><b>Forecast:</b><br>This week: null / Next week: null / Future: null<br> 10 stems per bunch<br></p>","PUM-CASPR","","","","","","","2.00","0.00","No","0","Pumpkins","","0.0","0.0","0.0","0.0","No","https://static1.squarespace.com/static/5e5f1040454b0c706b3eafe0/5e5f15b7a529995b94e386a7/5ec9f91c6db96c35c65bf428/1590294814770/comming-soon.png"
"5ec9f91c6db96c35c65bf43d","bfb37813-008d-458d-a9f7-2ef4b064e85a","PHYSICAL","shop","pum-flats","Pumpkin Medium - Flat Stacker","<p>Pumpkin Medium - Flat Stacker  | PUM-FLATS <br><hr><b>Forecast:</b><br>This week: null / Next week: null / Future: null<br> 10 stems per bunch<br></p>","PUM-FLATS","","","","","","","2.00","0.00","No","0","Pumpkins","","0.0","0.0","0.0","0.0","No","https://static1.squarespace.com/static/5e5f1040454b0c706b3eafe0/5e5f15b7a529995b94e386a7/5ec9f91c6db96c35c65bf43e/1590294815469/comming-soon.png"
"5ec9f91d6db96c35c65bf454","6a1fcd75-d106-44e5-8f77-a51529a14798","PHYSICAL","shop","pum-howdn","Pumpkin Large - Howden","<p>Pumpkin Large - Howden  | PUM-HOWDN <br><hr><b>Forecast:</b><br>This week: null / Next week: null / Future: null<br> 10 stems per bunch<br></p>","PUM-HOWDN","","","","","","","2.00","0.00","No","0","Pumpkins","","0.0","0.0","0.0","0.0","No","https://static1.squarespace.com/static/5e5f1040454b0c706b3eafe0/5e5f15b7a529995b94e386a7/5ec9f91d6db96c35c65bf455/1590294816044/comming-soon.png"
"5ec9f91d6db96c35c65bf47f","35a6c287-8665-4006-9b96-35ea31a5189c","PHYSICAL","shop","pum-pipsq","Pumpkin Small - Pipsqueak PMR","<p>Pumpkin Small - Pipsqueak PMR  | PUM-PIPSQ <br><hr><b>Forecast:</b><br>This week: null / Next week: null / Future: null<br> 10 stems per bunch<br></p>","PUM-PIPSQ","","","","","","","2.00","0.00","No","0","Pumpkins","","0.0","0.0","0.0","0.0","No","https://static1.squarespace.com/static/5e5f1040454b0c706b3eafe0/5e5f15b7a529995b94e386a7/5ec9f91d6db96c35c65bf480/1590294816305/comming-soon.png"
"5ec9f91e6db96c35c65bf489","721d3d08-4ab1-4b9a-a382-13e0bdac9eb4","PHYSICAL","shop","pum-racer","Pumpkin Medium - Racer","<p>Pumpkin Medium - Racer  | PUM-RACER <br><hr><b>Forecast:</b><br>This week: null / Next week: null / Future: null<br> 10 stems per bunch<br></p>","PUM-RACER","","","","","","","2.00","0.00","No","0","Pumpkins","","0.0","0.0","0.0","0.0","No","https://static1.squarespace.com/static/5e5f1040454b0c706b3eafe0/5e5f15b7a529995b94e386a7/5ec9f91e6db96c35c65bf48a/1590294817224/comming-soon.png"
"5ec9f9226db96c35c65bf511","750132be-58d2-4cfd-ba8a-ada9e7f7f8e8","PHYSICAL","shop","rud-chebr","Rudbeckia (Black Eyed Susans) - Cherry Brandy","<p>Rudbeckia (Black Eyed Susans) - Cherry Brandy  | RUD-CHEBR <br><hr><b>Forecast:</b><br>This week: 8 Bunches / Next week: 8 Bunches / Future: 8 Bunches<br> 10 stems per bunch<br></p>","RUD-CHEBR","","","","","","","7.00","0.00","No","1","Black-Eyed Susan","","0.0","0.0","0.0","0.0","Yes","https://static1.squarespace.com/static/5e5f1040454b0c706b3eafe0/5e5f15b7a529995b94e386a7/5f07dfd80a8a1b62c4aa242c/1594351581888/IMG_1059.JPEG"
"5ec9f9226db96c35c65bf527","f800a4e0-64b8-4466-8877-363a49392f84","PHYSICAL","shop","rud-chimx","Rudbeckia (Black Eyed Susans) - Chim Chiminee Mix","<p>Rudbeckia (Black Eyed Susans) - Chim Chiminee Mix  | RUD-CHIMX <br><hr><b>Forecast:</b><br>This week: 8 Bunches / Next week: 8 Bunches / Future: 8 Bunches<br> 10 stems per bunch<br></p>","RUD-CHIMX","","","","","","","7.00","0.00","No","2","Black-Eyed Susan","","0.0","0.0","0.0","0.0","Yes","https://static1.squarespace.com/static/5e5f1040454b0c706b3eafe0/5e5f15b7a529995b94e386a7/5f07e1b91d7e6b412b83c974/1594352062343/IMG_1123.JPEG https://static1.squarespace.com/static/5e5f1040454b0c706b3eafe0/5e5f15b7a529995b94e386a7/5f07e1cec121d131616032b6/1594352084786/IMG_1061.JPEG"
"5ec9f9236db96c35c65bf529","7e209688-57aa-4e80-a683-8093bd24234a","PHYSICAL","shop","rud-denda","Rudbeckia (Black Eyed Susans) - Denver Daisy","<p>Rudbeckia (Black Eyed Susans) - Denver Daisy  | RUD-DENDA <br><hr><b>Forecast:</b><br>This week: 13 Bunches / Next week: 8 Bunches / Future: 8 Bunches<br> 10 stems per bunch<br></p>","RUD-DENDA","","","","","","","7.00","0.00","No","3","Black-Eyed Susan","","0.0","0.0","0.0","0.0","Yes","https://static1.squarespace.com/static/5e5f1040454b0c706b3eafe0/5e5f15b7a529995b94e386a7/5f07e2749155105c4e454ee5/1594352250856/IMG_1121.JPEG"
"5ec9f9246db96c35c65bf555","4213b0b9-3b64-4c2f-b621-5443b8a97f77","PHYSICAL","shop","rud-prasn","Rudbeckia (Black Eyed Susans) - Praire Sun","<p>Rudbeckia (Black Eyed Susans) - Praire Sun  | RUD-PRASN <br><hr><b>Forecast:</b><br>This week: 13 Bunches / Next week: 8 Bunches / Future: 8 Bunches<br> 10 stems per bunch<br></p>","RUD-PRASN","","","","","","","7.00","0.00","No","2","Black-Eyed Susan","","0.0","0.0","0.0","0.0","Yes","https://static1.squarespace.com/static/5e5f1040454b0c706b3eafe0/5e5f15b7a529995b94e386a7/5f07e37da370987612833407/1594352520043/IMG_1058.JPEG https://static1.squarespace.com/static/5e5f1040454b0c706b3eafe0/5e5f15b7a529995b94e386a7/5f07e37df9ea237b8760c491/1594352518945/IMG_1122.JPEG"
"5ec9f9246db96c35c65bf57f","8bd76a3d-5ed3-4288-9005-fc3005adb795","PHYSICAL","shop","rud-sahar","Rudbeckia (Black Eyed Susans) - Sahara","<p>Rudbeckia (Black Eyed Susans) - Sahara  | RUD-SAHAR <br><hr><b>Forecast:</b><br>This week: 8 Bunches / Next week: 8 Bunches / Future: 8 Bunches<br> 10 stems per bunch<br></p>","RUD-SAHAR","","","","","","","7.00","0.00","No","12","Black-Eyed Susan","","0.0","0.0","0.0","0.0","Yes","https://static1.squarespace.com/static/5e5f1040454b0c706b3eafe0/5e5f15b7a529995b94e386a7/5f28865db007c2484573c346/1596491365666/IMG_2146.JPEG https://static1.squarespace.com/static/5e5f1040454b0c706b3eafe0/5e5f15b7a529995b94e386a7/5f288663f9d43d511f72345c/1596491369558/IMG_2144.JPEG"
"5ec9f9246db96c35c65bf582","0fef0936-c525-4f1d-a2b6-c6794a68682d","PHYSICAL","shop","sca-fatam","Scabiosa (Pincushion Flower) - Fata Morgana","<p class="""" style=""white-space:pre-wrap;"">Fata Morgana is a yellowish bloom.  We also have white (Snow Maiden) and dark purple (Black Knight)  in the photo.  </p><p class="""" style=""white-space:pre-wrap;"">Scabiosa (Pincushion Flower) - Fata Morgana  | SCA-FATAM <br></p><p class="""" style=""white-space:pre-wrap;""><strong>Forecast:</strong><br>This week: 8 Bunches / Next week: 8 Bunches / Future: 8 Bunches<br>10 stems per bunch<br></p><p class="""" data-rte-preserve-empty=""true"" style=""white-space:pre-wrap;""></p>","SCA-FATAM","","","","","","","7.00","0.00","No","2","Scabiosa","","0.0","0.0","0.0","0.0","Yes","https://static1.squarespace.com/static/5e5f1040454b0c706b3eafe0/5e5f15b7a529995b94e386a7/5f2886e8fb6bba08578a2291/1596491502764/IMG_2147.JPEG https://static1.squarespace.com/static/5e5f1040454b0c706b3eafe0/5e5f15b7a529995b94e386a7/5f288709ed660b7f54bf66f4/1596491534222/IMG_2151.JPEG"
"5ec9f9256db96c35c65bf598","af7e435d-f1d9-47ba-aa5a-83b1bf999df1","PHYSICAL","shop","sca-snowm","Scabiosa (Pincushion Flower) - Snowmaiden","<p>Scabiosa (Pincushion Flower) - Snowmaiden  | SCA-SNOWM <br><hr><b>Forecast:</b><br>This week: 8 Bunches / Next week: 8 Bunches / Future: 8 Bunches<br> 10 stems per bunch<br></p>","SCA-SNOWM","","","","","","","7.00","0.00","No","10","Scabiosa","","0.0","0.0","0.0","0.0","Yes","https://static1.squarespace.com/static/5e5f1040454b0c706b3eafe0/5e5f15b7a529995b94e386a7/5f07e6cbe5857b7af38cf4f4/1594353360925/scabwht.jpg https://static1.squarespace.com/static/5e5f1040454b0c706b3eafe0/5e5f15b7a529995b94e386a7/5f22fa5b95a01a2126fa9b3a/1596127841722/IMG_1647.JPEG"
"5ec9f9276db96c35c65bf5ef","99bd5b1a-897c-48a2-8ee2-378cebf71adf","PHYSICAL","shop","sun-autbx","Sunflower - Autumn Beauty Mix","<p>Sunflower - Autumn Beauty Mix  | SUN-AUTBX <br><hr><b>Forecast:</b><br>This week: 34 Bunches / Next week: 55 Bunches / Future: 55 Bunches<br> 5 stems per bunch<br></p>","SUN-AUTBX","","","","","","","15.00","0.00","No","100","Sunflower","","0.0","0.0","0.0","0.0","Yes","https://static1.squarespace.com/static/5e5f1040454b0c706b3eafe0/5e5f15b7a529995b94e386a7/5f22fc680e41cd3f3de920bd/1597109134123/IMG_1363.JPEG https://static1.squarespace.com/static/5e5f1040454b0c706b3eafe0/5e5f15b7a529995b94e386a7/5f07ccf6db9508010b10d546/1594347109452/IMG_1094.jpg https://static1.squarespace.com/static/5e5f1040454b0c706b3eafe0/5e5f15b7a529995b94e386a7/5f22fc37689f5a2e0bca24aa/1597109134122/IMG_1613.JPEG https://static1.squarespace.com/static/5e5f1040454b0c706b3eafe0/5e5f15b7a529995b94e386a7/5f07cd14c121d131615dc7d2/1597109134240/IMG_1102.jpg https://static1.squarespace.com/static/5e5f1040454b0c706b3eafe0/5e5f15b7a529995b94e386a7/5f22fc550b917e2ca9fdffa0/1597109134220/IMG_1611.JPEG"
"5ec9f9276db96c35c65bf5f1","5d13153f-8897-4d30-a39c-ffda37acaedb","PHYSICAL","shop","tal-jewoo","Talinum (fame flower) - Jewels of Opar","<p>Talinum (fame flower) - Jewels of Opar  | TAL-JEWOO <br><hr><b>Forecast:</b><br>This week: 13 Bunches / Next week: 13 Bunches / Future: 13 Bunches<br> 10 stems per bunch<br></p>","TAL-JEWOO","","","","","","","8.00","0.00","No","10","Talinum","","0.0","0.0","0.0","0.0","Yes","https://static1.squarespace.com/static/5e5f1040454b0c706b3eafe0/5e5f15b7a529995b94e386a7/5f23018468cdd96a56eb788e/1596129727420/IMG_1837.jpg"
"5ec9f9276db96c35c65bf61b","380a62f4-c2ac-4c77-83ff-314f27189077","PHYSICAL","shop","zin-giasr","Zinnias - Giant Salmon Rose","<p>Zinnias - Giant Salmon Rose  | ZIN-GIASR <br><hr><b>Forecast:</b><br>This week: 21 Bunches / Next week: 21 Bunches / Future: 13 Bunches<br> 10 stems per bunch<br></p>","ZIN-GIASR","","","","","","","8.00","0.00","No","8","Zinnias","","0.0","0.0","0.0","0.0","Yes","https://static1.squarespace.com/static/5e5f1040454b0c706b3eafe0/5e5f15b7a529995b94e386a7/5f07e8c766adcb532369b074/1596127412722/zin+salmrose.jpg"
"5ec9f9286db96c35c65bf61f","1c763304-7084-40ad-954b-5c0d40b00dd2","PHYSICAL","shop","zin-lilmx","Zinnias - Lilliput Mix","<p>Zinnias - Lilliput Mix  | ZIN-LILMX <br><hr><b>Forecast:</b><br>This week: 21 Bunches / Next week: 21 Bunches / Future: 13 Bunches<br> 10 stems per bunch<br></p>","ZIN-LILMX","","","","","","","7.00","0.00","No","12","Zinnias","","0.0","0.0","0.0","0.0","Yes","https://static1.squarespace.com/static/5e5f1040454b0c706b3eafe0/5e5f15b7a529995b94e386a7/5f22f90768cdd96a56e9e5ce/1597109485246/IMG_1118.JPEG https://static1.squarespace.com/static/5e5f1040454b0c706b3eafe0/5e5f15b7a529995b94e386a7/5f07e90906f7b7646770891f/1594354151630/IMG_1119.JPEG https://static1.squarespace.com/static/5e5f1040454b0c706b3eafe0/5e5f15b7a529995b94e386a7/5f31f5231a23dc3fb377fbe2/1597109547234/IMG_1366.JPEG"
"5ec9f9286db96c35c65bf621","8b48213f-ff11-4633-9b85-f78cf1ba5548","PHYSICAL","shop","zin-lilsa","Zinnias - Lilliput Salmon","<p>Zinnias - Lilliput Salmon  | ZIN-LILSA <br><hr><b>Forecast:</b><br>This week: 21 Bunches / Next week: 21 Bunches / Future: 13 Bunches<br> 10 stems per bunch<br></p>","ZIN-LILSA","","","","","","","7.00","0.00","No","10","Zinnias","zinnia","0.0","0.0","0.0","0.0","Yes","https://static1.squarespace.com/static/5e5f1040454b0c706b3eafe0/5e5f15b7a529995b94e386a7/5f22f84e5b6e622643beadea/1597109468080/IMG_1747.JPEG"
"5ec9f9286db96c35c65bf638","a7ccffc5-e905-4086-b28f-c9d62225eced","PHYSICAL","shop","zin-quelb","Zinnias - Queen Lime Blush","<p>Zinnias - Queen Lime Blush  | ZIN-QUELB <br><hr><b>Forecast:</b><br>This week: 21 Bunches / Next week: 21 Bunches / Future: 13 Bunches<br> 10 stems per bunch<br></p>","ZIN-QUELB","","","","","","","7.00","0.00","No","10","Zinnias","","0.0","0.0","0.0","0.0","Yes","https://static1.squarespace.com/static/5e5f1040454b0c706b3eafe0/5e5f15b7a529995b94e386a7/5f22f59da4d8af1fcb178ea8/1596126705895/IMG_1650.JPEG https://static1.squarespace.com/static/5e5f1040454b0c706b3eafe0/5e5f15b7a529995b94e386a7/5f22f5ad0e71da319208627e/1596126705896/IMG_1269.JPEG https://static1.squarespace.com/static/5e5f1040454b0c706b3eafe0/5e5f15b7a529995b94e386a7/5f22f5c90562d96cc255ea53/1596126705895/IMG_1826.JPEG https://static1.squarespace.com/static/5e5f1040454b0c706b3eafe0/5e5f15b7a529995b94e386a7/5f22f5dcb8b1ff2ae56e2ecb/1596126705929/IMG_1751.JPEG"
"5ec9f9296db96c35c65bf663","1f33f0a5-1e10-4503-a95a-e25708d80d13","PHYSICAL","shop","zin-senor","Zinnias - Senora","<p>Zinnias - Senora  | ZIN-SENOR <br><hr><b>Forecast:</b><br>This week: 21 Bunches / Next week: 21 Bunches / Future: 13 Bunches<br> 10 stems per bunch<br></p>","ZIN-SENOR","","","","","","","7.00","0.00","No","10","Zinnias","","0.0","0.0","0.0","0.0","Yes","https://static1.squarespace.com/static/5e5f1040454b0c706b3eafe0/5e5f15b7a529995b94e386a7/5f07ec007594eb11c447c787/1594354689986/sen.jpg"
"5eee90dd999dfc3709533c2a","7f271f41-f50b-43a2-ac18-a856dd4b5d05","PHYSICAL","shop","growers-choice-mixed-bouquet-petite","Petite Mixed Bouquet - Grower's Choice","<p class="""" style=""white-space:pre-wrap;"">A colorful mix of available flowers, filler and greenery - ready for your small vase.  Approximately 15 stems, 6-10” tall. </p>","SQ3008178","","","","","","","12.00","0.00","No","5","","","0.0","0.0","0.0","0.0","Yes","https://static1.squarespace.com/static/5e5f1040454b0c706b3eafe0/5e5f15b7a529995b94e386a7/5eee946d7be4e71d54030621/1593139931462/mysterybouquet.png https://static1.squarespace.com/static/5e5f1040454b0c706b3eafe0/5e5f15b7a529995b94e386a7/5ef562df664c9e2ea408861f/1593140008010/IMG_0335.PNG"
"5eeea561221990352258e84d","cd6e384d-1b65-4f6b-bd6f-f7fe1ef2ccc8","PHYSICAL","shop","mixed-bouquet-growers-choice","Mixed Bouquet - Grower's Choice","<p class="""" style=""white-space:pre-wrap;"">A colorful mix of available flowers, filler and greenery - ready for your standard vase (like a 32 oz mason jar).  Approximately 25 stems, 8-18” tall. </p>","SQ6354022","","","","","","","25.00","0.00","No","2","","","0.0","0.0","0.0","0.0","Yes","https://static1.squarespace.com/static/5e5f1040454b0c706b3eafe0/5e5f15b7a529995b94e386a7/5eeea7065909f30dea8c1999/1592698636734/mysterybouquet.png https://static1.squarespace.com/static/5e5f1040454b0c706b3eafe0/5e5f15b7a529995b94e386a7/5ef56268cd5f814890f5d55f/1593139899485/IMG_0334.PNG"
"5f01ebaf79d2832e0a916f27","97a2d72c-7abd-47a1-b988-3797c1279070","PHYSICAL","workshops","country-feast-set-fwtcm","Brides + Blooms","<p class="""" style=""white-space:pre-wrap;"">Exclusve event for Ohio Barn bridal alumni and brides-to-be to mingle, take a farm tour and make a petite bouquet!  Includes light refreshments.  Limit 10 per workshop.  Sign up for your date <a href=""https://calendly.com/ohiobarn/bridesblooms"" target="""">here</a>.</p>","SQ8456110","","","","","","","55.00","0.00","No","Unlimited","","","0.0","0.0","0.0","0.0","No","https://static1.squarespace.com/static/5e5f1040454b0c706b3eafe0/5f01ebaf79d2832e0a916f13/5f07ef2c20d98161b7d8814b/1596491456683/Sweet-Olive-Weddings-Ohio-Barn-Bed-Breakfasty-3611.jpg"
"5f01ebaf79d2832e0a916f2c","a8a8f63f-70d6-4947-aebc-4dddca4b4171","PHYSICAL","workshops","milk-dip-cup-n5kwz","Farm Tour + Petite Bouquet (1 hour)","<p class="""" style=""white-space:pre-wrap;"">Schedule a one hour visit to the farm to see it in person and take home a petite bouquet from our inventory!   Bring your friends!</p>","SQ8242040","","","","","","","30.00","0.00","No","Unlimited","","","0.0","0.0","0.0","0.0","Yes","https://static1.squarespace.com/static/5e5f1040454b0c706b3eafe0/5f01ebaf79d2832e0a916f13/5f22f60c623ef541001800ff/1597109239213/IMG_1823.JPEG https://static1.squarespace.com/static/5e5f1040454b0c706b3eafe0/5f01ebaf79d2832e0a916f13/5f22f7bf562e4f61a7ca8b96/1597110499500/IMG_2048.JPEG https://static1.squarespace.com/static/5e5f1040454b0c706b3eafe0/5f01ebaf79d2832e0a916f13/5f07f04da3709876128489b3/1597110499920/IMG_0263.JPEG https://static1.squarespace.com/static/5e5f1040454b0c706b3eafe0/5f01ebaf79d2832e0a916f13/5f22f75dab416503f65d9588/1597110499989/IMG_1930.JPEG https://static1.squarespace.com/static/5e5f1040454b0c706b3eafe0/5f01ebaf79d2832e0a916f13/5f22f7be09c8bd7d09fecc20/1597110499990/IMG_2049.JPEG https://static1.squarespace.com/static/5e5f1040454b0c706b3eafe0/5f01ebaf79d2832e0a916f13/5f22f7c6da9fd71149584bec/1597110500073/IMG_2050.JPEG https://static1.squarespace.com/static/5e5f1040454b0c706b3eafe0/5f01ebaf79d2832e0a916f13/5f22f7c868cdd96a56e9aff3/1597110500229/IMG_2051.JPEG https://static1.squarespace.com/static/5e5f1040454b0c706b3eafe0/5f01ebaf79d2832e0a916f13/5f22f7cd95a01a2126fa1865/1597110500342/IMG_2055.JPEG https://static1.squarespace.com/static/5e5f1040454b0c706b3eafe0/5f01ebaf79d2832e0a916f13/5f22f7d10b917e2ca9fd229a/1597110500246/IMG_2057.JPEG https://static1.squarespace.com/static/5e5f1040454b0c706b3eafe0/5f01ebaf79d2832e0a916f13/5f22f7d4632ec75014e76714/1597110500370/IMG_2063.JPEG"
"5f31f3f729ce6575cdda0bf4","96fc927b-efa9-49f2-b3b3-24b7be0e5f18","PHYSICAL","workshops","milk-dip-cup-n5kwz-crg5k","Farm Tour + Petite Bouquet Making (2 hours)","<p class="""" style=""white-space:pre-wrap;"">Schedule a two hour visit to the farm to see it in person and learn floral arranging basics and create a petite bouquet to take home!   Bring your friends!</p>","SQ3442684","","","","","","","50.00","0.00","No","Unlimited","","","0.0","0.0","0.0","0.0","Yes","https://static1.squarespace.com/static/5e5f1040454b0c706b3eafe0/5f01ebaf79d2832e0a916f13/5f31f3f729ce6575cdda0c0b/1597109753265/IMG_2055.JPEG https://static1.squarespace.com/static/5e5f1040454b0c706b3eafe0/5f01ebaf79d2832e0a916f13/5f31f3f729ce6575cdda0bf6/1597109753529/IMG_1823.JPEG https://static1.squarespace.com/static/5e5f1040454b0c706b3eafe0/5f01ebaf79d2832e0a916f13/5f31f3f729ce6575cdda0c02/1597109235996/IMG_2049.JPEG https://static1.squarespace.com/static/5e5f1040454b0c706b3eafe0/5f01ebaf79d2832e0a916f13/5f31f3f729ce6575cdda0c05/1597109753269/IMG_2050.JPEG https://static1.squarespace.com/static/5e5f1040454b0c706b3eafe0/5f01ebaf79d2832e0a916f13/5f31f3f729ce6575cdda0bff/1597109753269/IMG_1930.JPEG https://static1.squarespace.com/static/5e5f1040454b0c706b3eafe0/5f01ebaf79d2832e0a916f13/5f31f3f729ce6575cdda0c08/1597109753333/IMG_2051.JPEG https://static1.squarespace.com/static/5e5f1040454b0c706b3eafe0/5f01ebaf79d2832e0a916f13/5f31f3f729ce6575cdda0bfc/1597109753345/IMG_0263.JPEG https://static1.squarespace.com/static/5e5f1040454b0c706b3eafe0/5f01ebaf79d2832e0a916f13/5f31f3f729ce6575cdda0bf9/1597109753529/IMG_2048.JPEG https://static1.squarespace.com/static/5e5f1040454b0c706b3eafe0/5f01ebaf79d2832e0a916f13/5f31f3f729ce6575cdda0c0e/1597109753350/IMG_2057.JPEG https://static1.squarespace.com/static/5e5f1040454b0c706b3eafe0/5f01ebaf79d2832e0a916f13/5f31f3f729ce6575cdda0c11/1597109753418/IMG_2063.JPEG"
